row_index,token_address,create_block,oof_prob,y_true
0,0xa263d50302fe8586ec631f442abfff4318e74444,86751706,0.4379757904973582,1
1,0xe0ea52cfe226708fdd9ac00aa868f50b14d74444,86751998,0.6368842209281986,1
2,0x5244bce92532581a3036680d1205874141a24444,86752571,0.465634308075939,0
3,0xf7b0d361baa2ca9bd44a366947b7deb995724444,86759001,0.49122738006265015,0
4,0xf4d17be2ee2040d2e5734ef53b0bb0cf53e74444,86780696,0.3748343500957977,0
5,0x30655403d606c4d131a96d060f3fc27954cd4444,86837491,0.5493790002151161,1
6,0xf6f05d26f62eb4f9b7edf2b84de0b25b6a124444,86846011,0.39698159535191696,0
7,0xf35c2cfe8208f73fa8ae05019361ddaca9b94444,86847639,0.5837470714895534,0
8,0x1568f8422e201bcbaec1fd80575a1bfe31774444,86848055,0.6827777419276352,1
9,0xf695314f75069e40b37af73461f247be1ea74444,86850045,0.05823214719612858,0
10,0x0460d5b047dd71c82ee3132cca5b9f45ad734444,86850697,0.7777463847516128,1
11,0x18082d03bd5e59e8128fdb925edfbd42b5ab4444,86851855,0.057337992164408165,0
12,0x7e186831a5e647d802d753fa249489d58bdf4444,86854245,0.438851507782746,1
13,0x1d263957e8844099c3533dfb2d92560764164444,86855459,0.45073899135261786,0
14,0x2ffb13a5105a0e6650f63c830a551fd28de14444,86856316,0.05569902411441777,0
15,0x78327a88f89e7fdaf5f55e1db270ca4415c84444,86856572,0.31666908798483445,0
16,0xe78251421e10596dc2812cb02665f8794a6b4444,86866161,0.43726206471992524,0
17,0x77d6f48413e3b599d01f0e9b6ee8dd28cce04444,86866614,0.554678240783277,0
18,0x735b7ca78176d93b8c506626bcd7507ccaf74444,86867343,0.7263881186793201,1
19,0xc1aae2281fae084cc64031c30e413be6567f4444,86868411,0.4215717093646465,0
20,0xc95c0ed783408dac953f63dfad6996ac7d624444,86870156,0.40788431665935865,0
21,0x4eccd56658cca2a6f2d0cef366af7d70cbb04444,86870466,0.25760205896994065,0
22,0x0d5eb03c6fe40873af1ca3be75909069fa5e4444,86871322,0.06411834285669696,0
23,0xec99e427177c739df171a01337312ad22c014444,86871499,0.39562421255921476,1
24,0xcb20965ac329b0107d8f723f778bf0ca2c144444,86871575,0.4391932356880942,1
25,0x980fd32d50e83edbe85611683e28ea422e3c4444,86875181,0.5435050150135192,0
26,0x423e58eef8298812f5f6ba5c8a4cb5267d5e4444,86876192,0.37852537456356256,0
27,0x56ae75972d65c7584bbef232df63058e7c644444,86876392,0.39562421255921476,0
28,0x7e013e7df680dfc44f180780a688a6f2d5ca4444,86876525,0.03852493995835922,0
29,0xff3fcb12ab91451e4742b88f223062e976b14444,86879535,0.21913715044776352,0
30,0x406fd29396759e6196e3168d2e90e0fece2c4444,86884208,0.14901424256285997,0
31,0x2ffac86e266db4ec2a2579bb44eb26df3dc54444,86885365,0.4680652324786574,1
32,0x364058945e3683c784c68a0cb9d564669fdd4444,86888247,0.05333872016908469,0
33,0x58b7c25e78950ce916f324bde290f727e59e4444,86888862,0.37305456207364596,0
34,0x93e4452af265d1dd2c3ed37e4eea7f996c744444,86889823,0.7569443141090074,1
35,0x94ec5428ce8a9bb2a386bd1addf3ff156ee04444,86893725,0.6273825835818944,0
36,0x65dbb2eb202f7dcc7409f8c9316f255f43ee4444,86894402,0.22000397755496293,0
37,0x888fe95900834adaafe75d2ce40528c217244444,86894830,0.7533303827338546,1
38,0x9005b2a2cd5b9e6b461acbbed51f0ceec2474444,86895408,0.2377255559210697,0
39,0x7904b040b958c0e1a9183e556ceab843bc084444,86895785,0.5689425105833521,1
40,0x7ff3062a752a4b01cb113cc9d95b0aa0823c4444,86895918,0.37957040203855663,0
41,0x14666dc56fddae170580ac39600363d6db9e4444,86896251,0.29982980025787825,0
42,0x2fbf9d80094308cb72dac512e3b25bb2d35d4444,86896074,0.815467099960904,1
43,0xc1e835465710dee93a2fa4f9a4b2a7f33a094444,86899284,0.5753524022832366,1
44,0x7b9affaff4acade3590f99b846dfa0b6878c4444,86872135,0.3154529155702669,0
45,0xc6cc7901bb56239c9b26a3ee8358050b548f4444,86900386,0.7762290879543265,1
46,0x1e2b9b1e3b6618df4cc2ce9f1e6ddba3a0774444,86901976,0.18358347090417668,0
47,0x6ff1efdc18299ae80adaff901763e5aa43a04444,86902749,0.21189203034474502,0
48,0x1b3e81142f76d3ea4d6eb6f7b956f8f036d64444,86904020,0.71915456029846,1
49,0x531cdf3f9c08ec75e29bbd9554f72855db7c4444,86904676,0.5295719924382047,1
50,0x3df1c21e0cbc54826e5285fbe89a83f8f6624444,86904742,0.37357157998297363,0
51,0x42ef971636f0da17165a09d59be0906bb96e4444,86904814,0.5695674936505315,0
52,0x54747c428f0c02d682a4433fcfb5834b044b4444,86904922,0.0584167489285294,0
53,0x08db4b8f9dac59f8da93882391a2de17055d4444,86908889,0.5826762507612964,0
54,0x2b1901fa8502c66cdbb28fe25346ea2f5d2b4444,86910077,0.30427333229719344,0
55,0x11ba3784075bc373018ecb2d3e5d64f25a4b4444,86911548,0.5761840510039453,1
56,0x643cc22e334321a43e6ddb2efe87dd6cd4194444,86911548,0.2828824763608735,1
57,0xa0de8b310713c10d168d7adfb92b5963cb644444,86867402,0.5199931348144916,1
58,0xd73e5f473cd88b596724e15d67334b781dd94444,86917692,0.21302855737050563,0
59,0xddb30a77c4c665f71f456f6bc6863535cd044444,86916006,0.46474270881149576,0
60,0x4efa3d8de690fa5281713da9d37d55628b154444,86920224,0.8024846937932655,0
61,0xbc21b0e0d99c36d7122344eba727f43b35774444,86920284,0.2349904273671115,0
62,0x48f721942fd4d78fbb4117e500aaf8cfa04d4444,86927799,0.6100898412997896,0
63,0x525da851216acb39c1ab735e5cde0e30df604444,86927820,0.7535184998984856,1
64,0x03afbd5e81c01a9a6cb8f6856a27c83b20864444,86930445,0.5566297156443453,0
65,0xdc7902e58057213090e692bf0e442e211aaf4444,86930519,0.45775635459036673,0
66,0x32b1fa9d307a19c119ab20219ba409f927334444,86930913,0.6386951017132544,1
67,0x081cbce22439f8ac854396bddc0d8d2d1a8a4444,86931046,0.3312472804757175,0
68,0x01085c4a4b727ba189010f2c24202e275f3d4444,86932808,0.3875481534271045,0
69,0xa445bb64f615fe93ee7692f1bef2962b41814444,86934070,0.36580514776927014,0
70,0xd1ef74b2bb7543350e84aa9344902504d3874444,86934845,0.7738927420639209,1
71,0xda81634abef757fcdcdd61a205fcbec9fc794444,86935381,0.0484258688275854,0
72,0x028d8e6e2ce6416c414cd6e2b75c26ccff8b4444,86934530,0.7796750493219143,1
73,0x63f3647a4d3471c8164e822c203d026223b74444,86935964,0.6359411997058968,0
74,0xd86bdb4d312f83b3bf127734bb2239f0c1de4444,86936131,0.2149655605783048,1
75,0xad04d0b8ee8ed8ddf4268655304757ce18424444,86936545,0.536938172801671,0
76,0x6cf380956667106b3a934e876fcf75d1b5994444,86939546,0.5348231344111619,0
77,0xba67b784877ac80947bfb28e4659c0abc0b94444,86938707,0.6414766252352115,0
78,0xf2a7439cbb1975465a4a7773230c50f070c84444,86940676,0.049994078187782884,0
79,0x01f9a1950a9817999bea2ced1848fcbec97f4444,86942549,0.6810696934063254,1
80,0xc419b91415bdc89fac99266407e519dc8cb54444,86944743,0.8157196037749664,1
81,0x944da7539db06da35dade262831496581b7b4444,86950047,0.30071217626850283,0
82,0x23e12d2740141dd5695cfb8427984299df1a4444,86952446,0.4773414581842784,1
83,0xd03d2a2007f16bbe47673a5484ac6e8fd52a4444,86919377,0.3205003761931101,1
84,0xcb47a5da0cbfdbf69e734bdad97afc5629c84444,86956578,0.6376347450346364,1
85,0x220fc5c7cedf7776d78054413c3cb96926824444,87022021,0.0688829554205391,0
86,0x02f4ff0b6e4f2aee8af704b074913893520c4444,86995192,0.31960644147822515,1
87,0xb2486050373ead12fd2e73a65d87e9fe0aae4444,87018728,0.53244945032743,1
88,0xbf96c86d0cc36d12d9b9f82aacd26de26d924444,86971234,0.33458560369075124,0
89,0x0770c5d0a1e22838c4d3f983744f48e7a94a4444,87037002,0.04688047027285419,0
90,0x169456ecdcc550d1e7060efa2cbd52fb2f524444,86939146,0.424480282189953,1
91,0x173c4288f2bad3da5fa32e89c9f42b83a7a74444,87040565,0.40316256303575104,0
92,0x7c6ba4a24d7d204699df8d10fd62ec90eb264444,86988947,0.5315540843648356,0
93,0xefc3b57d9c543d0d26c6fc332926b623eb904444,87044510,0.17036700880147343,0
94,0x78bda462cfb09a1b50f05937d47cc1b2c0624444,87045953,0.7510613817505501,0
95,0x9149b48613400bfe6e70202e7ca876d42d614444,87049039,0.3607089423708365,0
96,0xaaee50acddebd7d4dbc95d516949b673c6014444,87036654,0.055198391535128226,0
97,0x754df47ad17f1c7aa790a6479cd70653d1ae4444,87051176,0.44568652605617265,0
98,0x1786a2c60dbd43dc411567a4417615f27c5e4444,87051197,0.18526600662334322,0
99,0xf43e66e3c8eb28e53f8aebf7f3a2fadd5bfa4444,87051752,0.6262782725023017,0
100,0xbd2b1bdb083eb0369b1376e9d00ac6efb1024444,87052924,0.7493593709462871,1
101,0x88f2022928fc0f491fd50b10b370b464a75a4444,87055060,0.5701607599236903,0
102,0xf5171aeca7940f81739174a6cc57c3e37e604444,87055386,0.23809220140416834,0
103,0x6afd28b6e86da1be3d8158c5396e556831a14444,87056843,0.0572121358666497,0
104,0x87a899226a19c7230671c955700a524945184444,87057965,0.3151757514910308,0
105,0xf38abb2d8422f22f2a4937d1dbb607e1dbaa4444,87059716,0.40815227664085013,0
106,0x1bfc3fb20d909e1fe640f565dd991681092e4444,87059733,0.42079652741978557,0
107,0xc18436cfe3e4d41bb631fc14cdb688b1c73e4444,87058315,0.5652664206525947,1
108,0x4fdbe3ccddaa60f0544a3a7589228bdc1f344444,87060808,0.5795777583191266,1
109,0x78ba79cd34cdc8ac146ed9bc350d82efa8b84444,87061213,0.04622511386032057,0
110,0xeb78b513a5d72700433d14f1431cef6a8d724444,87062745,0.5662806432191644,1
111,0x9528df8ca26e9c3550cf57e482b807405bf44444,86922909,0.25345986769724654,0
112,0x943728fdd8d076fd4ddbb1a84eb654209ee74444,87064149,0.2640199490816804,1
113,0x59a5017c9584112d818b2d64b95b921ca47f4444,87064929,0.20916520103732938,0
114,0xe015cd0ef1a2ac8eea28c581be28b4e697734444,87066107,0.33188127442295673,1
115,0x2672b2b2017ec13608dad8c939a2c238597e4444,87066158,0.1946187015141953,0
116,0x33c861502480628e47dffb1d6ff8c1eb528e4444,87066343,0.33408175830052955,0
117,0xe393666b55b36afc94a0b5c8a2bb107dc73a4444,87067442,0.06603414428962413,0
118,0xc62a60cd89f90ad6e79a0892d52eb86628654444,87067579,0.3067307448796192,1
119,0x88db21960359a62ecaa1a793e2cabaad325b4444,87068445,0.20475266753806268,0
120,0xf75a02428c08c081a29e5f24feda43995fcd4444,87068989,0.23245708991851183,1
121,0xa4cb219e832ebb27e560cd91d6740005b3244444,87075393,0.06284744744381796,0
122,0xf6083b39082975c48df43ce420278c6989454444,87075458,0.5075103638640847,1
123,0x4f270dc931951f99ab5fd7fbb1007eec16df4444,87078674,0.21778330015309916,0
124,0xee2223c7e544af06a8880578d32c06653c5b4444,87081112,0.2682928977052509,0
125,0x315dd55529f337231bd4e9cf1e1d916b26d74444,87082142,0.28461850953917534,0
126,0xc20e3beccaab69e5c3cf499379aa980a60e04444,87082235,0.49330912440407826,1
127,0xd0e6fb71b01f5e095670bd851851127c71154444,87082302,0.5558307377488608,1
128,0xa7013aef88f275687e5ff6e3705ad59efb434444,87082810,0.4204724091970732,0
129,0x6b6f9ef892cb723dd578dc9f2a6c037776e54444,87082582,0.5616763107484781,0
130,0xc5f1f5b18ab15f4a2581ea30831efa6eb7dd4444,87084361,0.6325653367543855,1
131,0x695c2fc97ad1149268df0e92354737ddefd84444,87084397,0.3643313868852133,0
132,0x660cbf0d7348e37f0c429e478ac8404405484444,87081922,0.05653497905142619,0
133,0xb2c74f8d55c7760f261050db4781cd7e9d4e4444,87085393,0.19922532366619006,1
134,0x008c17d1abe241b988d61e34402b8efe1dc54444,87085416,0.4729899239466432,0
135,0x3feacf7735bdad06f1529d7a4a2571829d0c4444,87082611,0.5515848585713486,0
136,0x31825d93c2a30d29bc7889a385eb4bb8f4334444,87085763,0.2507157615149814,0
137,0x5f464b9482ba19038ed7803bc715e644e17d4444,87086778,0.1442080670438991,0
138,0x3f67c99cd9905302a19dd0b2a08a05cc38f34444,87089000,0.7058447832100817,0
139,0x59b57d26ccedaf70c61ad3d7b1794e6b773d4444,87086168,0.24267441145933022,1
140,0x6fc2d75117b9e52ac5abe9a4d759622f490f4444,87088905,0.7773546615327905,1
141,0x4c889eb189cff984898709eaeca65349e8864444,87090502,0.05627702016239293,0
142,0x6b3aab28f0a253a0bac739527a42730197724444,87094927,0.5829375195842532,0
143,0x97ee19524e45de4b5c193a37077eadbbcd8c4444,87098787,0.2006362170980667,0
144,0x23584592c71205d1f87db407673b91fb0c574444,87099293,0.45918809189681326,1
145,0x689c89cc524f6102e29060b68a5f2cf7ddc74444,87099406,0.22884198898812674,0
146,0x0f919ea888761fb6ae5cc1de4f0a87cc32fe4444,87099327,0.5014457199587509,0
147,0x98314ed46d91176107c3ee9d717516b5558a4444,87102773,0.591322898647789,0
148,0xb0de1c308d11a0d4f3628ec8589595359af94444,87102775,0.3686934530789758,1
149,0x3cc978e0238abc28791eda131f88d45c1f004444,87112550,0.7009476555567795,0
150,0x9a472678f29291ab684e54a548ede3faac984444,87113741,0.05678759791470622,0
151,0xb6f82aa08e51136492cff417c3612791d34a4444,87114888,0.07388322736224819,0
152,0xbd2d3edcae5ed7b03871c02903c96883a15a4444,87118546,0.10802171006428667,1
153,0x83f5f2d07ff721eee6ade2551bfeddfbfe944444,87118845,0.243842006393176,0
154,0xad1f5d3dd046b82bd52aa33b5e695f9e12574444,87117627,0.5029551008363427,0
155,0xc0acb21fb438db4575f54264ba43ed21ff234444,86988898,0.3924385031263124,1
156,0x27eab2fdc55fb0a21193dbbd0dc4614224024444,87123353,0.2363167322489582,0
157,0x4359824afbbfaba62c3621987c57eaa9874c4444,87126174,0.6260307274543062,1
158,0x0065bcf0047d54538bc9cc2d4d974c3730a34444,87126979,0.7736458028431435,1
159,0x4d548dbea6c0b68d55bdc8153910a54b02134444,87130257,0.578964014053535,0
160,0xbe5293c347ff6ed731314516b960bff2dd1f4444,87142074,0.33812492417872647,0
161,0x82fabd08089f7553d590345accd96b5e9b734444,87146540,0.4459071382698634,0
162,0xed397f4db8d7959409dec0f0a41b071efab14444,87146673,0.6535561313061287,1
163,0xd22ee26f0246c65c1f5dd2e7066356f5d4524444,87176561,0.8466563735039204,1
164,0xa24a9e9702f02dcedc658a49f4527fa4160a4444,87211999,0.6080322443040461,0
165,0x900ae9e048d9b0bdab2d4cf947c7c246a0824444,87214653,0.6203480764146809,1
166,0x480b2463a06139a63505fb18d49d52f3e7604444,87216791,0.4627558047079384,0
167,0x36547bc96a01e37fb6d362d9a6808c0ce6414444,87221664,0.3342130210527519,1
168,0xeaa22ec303a8b6ef06b7cadd2f37a4825b804444,87224164,0.5591957999299039,0
169,0xf353f50070a126aa851555b942852436a0af4444,87227029,0.6981232620305632,0
170,0x4821e7002ad938bc4dad171cc664e1dfd1c54444,87228740,0.27008791459360265,0
171,0x9786d01022bf36bc2865fe417002087d5b254444,87230996,0.7502492034579662,0
172,0x805e907506498ce8f9e123fdd34bcf957b324444,87228583,0.6288431479968459,0
173,0x75191bee9d74196418491c2a8b6f3753de914444,87231587,0.2316852638770706,0
174,0x59708511460cea9193c18b8daa6fee8cc5304444,87232083,0.3391457486177899,0
175,0xff73d587635442758edbda8b23eadc48796b4444,87232932,0.37124487801186784,0
176,0x5f8bf07186083c949ab84c6f2afe1c62fe154444,87232989,0.445528475376083,1
177,0x35029b60a953d8548b2ac749766533fe54974444,87233160,0.44525880843486715,0
178,0x441c1c995aa66100ff68c26f011a44f0c8fc4444,87220629,0.4498722699556555,0
179,0x737de75465dd64ba5a5f89c222817281bb664444,87234752,0.5689345193128301,1
180,0x45ab5cbd03bc0bf6621a81106886cf76aa694444,87235470,0.44941424443543243,0
181,0x9bd9ed8c12cf9e670b9baa6e18aa2a78102c4444,87235357,0.3336590322304583,0
182,0x82f55f44847d6f833eacac14c7f4595fe88b4444,87207398,0.23076488407502746,0
183,0x7db95fc804efeac41d5fb2be920b667f06394444,87241257,0.5058661069950465,0
184,0xa2ab04a2ca3680b81ea3fa89b38029fa9ab64444,87243354,0.6769280397304415,0
185,0x654ab3af076bf3e787b4af0647c0592b71604444,87237879,0.449347844300052,0
186,0xed307e9bfaa48567d7b64e491250bf19f0214444,87243579,0.0609835164399661,0
187,0xedf7ecc568388f53d119767781e7348a9bc94444,87243779,0.45649797668712744,0
188,0xf36f878c7e95f73a067dd6c77ccb5c3f15224444,87247144,0.764169220819268,0
189,0x2d1256a88d32e58547b591e13667a0d3df764444,87247698,0.27297042059226234,0
190,0x6ef2183e3a6095cf8407035b35c9cff940874444,87250250,0.3079558763001607,0
191,0x726c7f7f0d878ad975b70788ecd0807ad95e4444,87250370,0.5660397039263989,0
192,0x906c6bd8dffff0a175fd613e7450f04426064444,87251007,0.3668718121891033,0
193,0x43e85b9e34e259a3ad1fff5fa17db4683bf04444,87252345,0.27195092243246116,0
194,0xf21920974df3020fc5ae2147a7e0ea87ffb64444,87252851,0.4130372347379323,0
195,0x3e8ff9e1add312b67eef4f0c1485b36dec9e4444,87252948,0.21543108654974194,1
196,0xce4f9ff2a20b53e86fb15967ee0d5ef86d584444,87253262,0.317062091063452,0
197,0x871e91976998eca6eefd58e691983c5cfced4444,87253450,0.271404170079248,0
198,0xc63322ec4ef3a7264ab6bd1fefe225fd7a744444,87254025,0.32699941584833897,0
199,0x5c675c42e694a8f6b74c2b618f7b857b9b014444,87072776,0.05872585411310702,0
200,0x64e65707b7be9fcd11878464b33d274763d74444,87254543,0.052715039627683126,0
201,0x71d98903c82672da824dc3322e15de05830b4444,87255964,0.19734604328264474,0
202,0xe50dd444c9ceeaf80c27ab1f1194ae7ad8e74444,87258111,0.23832849887218815,0
203,0x19a30ea806d9ee4859a4f6d42c9f83d6fd9b4444,87259728,0.5032712670055488,0
204,0xd034093f6c012970ffd9291efec48b35ffd94444,87260631,0.44634041708377253,0
205,0x42f18d9e23cdb9c8001176deb50ff210ff4e4444,87260108,0.1704369838147708,0
206,0x45f1c3c8264c6c32d5defa4df1027febb3044444,87262284,0.5762745150121436,1
207,0x8421b5527128994a3dd5c8e92e9a7f52f8274444,87263494,0.32467720317143034,1
208,0x81a340c453f4f8657e95e31f0be71001db884444,87266798,0.20976759812410123,0
209,0x2bc0a1eaec2f0e972418ced7427d7e8451f64444,87267206,0.2008710509279235,1
210,0x47bb43b88744d6fadd1b049e1ffbd300b3c34444,87267301,0.6347933856996504,1
211,0xec06e1fa6c51e17276951b6a58c3c0eed1d54444,87267634,0.37574984369695963,0
212,0x2aa1ea33f9741d83703f3b615be7455fdbd34444,87268451,0.6836873974201305,0
213,0xbe572261063a0f74ee83f87c3b5e9c52ee274444,87269782,0.35168365807991714,0
214,0x921511a3ddab65a6de36e36cd36a759ef2f94444,87269945,0.30525311370953767,0
215,0xc9d8f326b1b83faf1d72090d2faf6532fb4f4444,87271846,0.6697170592471916,0
216,0x24b169feb1fdd3defc6f492be619eebb96f64444,87282450,0.24041820115754814,0
217,0x628d59bcc81af93d62d755d6eddaf7eacee24444,87287504,0.053306464229523745,0
218,0xf71e2cf89224ef0df19ae01538d96e5094754444,87287561,0.22669697251887633,0
219,0xca3bccf3ca246698683d5ec41e67459d8a214444,87288262,0.049265008527482,0
220,0x40da7a8cd4da4ec6f0cc84c2fd5f0eb82c9f4444,87288305,0.3165073388753747,0
221,0x80e657f0b36dbff5b78e17fe31d4b8894ac94444,87288400,0.4142535729693431,0
222,0xe8f4100069a9f61393b393de57339725307c4444,87288667,0.7051823229409777,0
223,0xbf4e54ce08831cc24280370bc3481205b4214444,87292889,0.15208166144292032,0
224,0x5f9a1c778a3fee0b7f67881540f10795fb784444,87294636,0.5038100920961613,0
225,0xb7d917f32a4382986f3d5dfa895be6c682614444,87295698,0.45896813390237107,1
226,0x9e6afeecb3cd1781dfdb61eced0cbba12f104444,87295774,0.8213754670347497,1
227,0x3ea8a58f074a9f3b6c363f7dfcce9e0784514444,87295878,0.6543411703905145,1
228,0xdd9540c67bdd9dfafee40febc66de8364dcf4444,87284797,0.24721015003268898,1
229,0x5315b559b1760333e1b00e7dfbffd474a1a74444,87303994,0.49830949873441716,0
230,0xdbd9a3efbb495e754572a9c459eeec12c66e4444,87305578,0.4712472802642807,1
231,0x3cb7e47a7460fe3046940706daf56b39c36c4444,87305818,0.39510368465245127,1
232,0xc270ef42fb3f18dd79dc1ad1dbbffcdf51fb4444,87306465,0.4628510956687023,0
233,0xb75447987060a0ba6364939096544e0b8bfa4444,87307014,0.6775424694306397,1
234,0xfecb0d1585223d3a7812913eb882862d47b44444,87211252,0.557312873571665,0
235,0x9afd2bc7c65746021b15d81a50a6eb2ed0554444,87308825,0.37224584823857393,0
236,0xa7156561b753c9a486a23d440dc2da2fc1184444,87308913,0.4699667434443414,1
237,0xa9972d3a768ab616ee08060feb9749c733644444,87308981,0.05732484730752115,0
238,0x500f3a1aee56643faab66189882f287dc78a4444,87313329,0.06154069704366934,0
239,0x37df81b9b006e23e734e9cef401a375257f94444,87313964,0.5372723776175948,0
240,0x81208b6f88e438b1467d56d3f2a7f231bad44444,87314996,0.6805642440424129,0
241,0x6768425dccbc9bc7bf92528db35e70f93d6a4444,87317501,0.2913673629601028,0
242,0x7cc897c8d8a056fbf798f37295d9f8bae5d94444,87322909,0.38906437814348116,0
243,0x0520a55978b1a8f737cc44ad08c658228eb14444,87322982,0.2503981471078054,0
244,0x1ed3ee4d4fbe40b7b359cf7faed8029c452a4444,87324641,0.09703180397159254,0
245,0x38cc841e4bb7d69bbdd39e5f8410915f747b4444,87335658,0.21243354303332673,0
246,0xdc761dc9f1185e6f532d7614f898c154fe254444,87339434,0.42132689403937434,1
247,0xbbbb8627429582ed92498ec960791c3f3feb4444,87341235,0.5374886731634652,0
248,0xf14640ba00d40f638624833e223d7e6858a84444,87394818,0.45658428691808167,0
249,0xbc9c2d2d54db4a9e38782152fba8ab8510724444,87418043,0.3258983771694753,0
250,0x3a36d1e3109e6f53364a4606d5f7f2e709eb4444,86881248,0.6399099512803746,0
251,0xedd4f7238c6a26ef99822290c6512ae2c80d4444,87407624,0.36065827580490406,1
252,0x7fdd3c020309c62c28829caccc5540d353d24444,87421511,0.278874112120145,1
253,0x262e16498a4455f525cb15959a36d50ff5604444,87400148,0.18648595901507642,0
254,0xb96635bf7783199f612cc862f14a88fc81164444,87422181,0.5726057804103576,1
255,0x904b0a08a516f7af054915bf0fa22c868a814444,87422269,0.41042227978631407,0
256,0x55164e8110eecc9f1b38d68da6670398d4134444,87422304,0.05697018312894341,0
257,0xf13019070cb7cba5027e7b1f1bd55bed1f744444,87422459,0.07739759486849977,0
258,0x2d636d4dd15bcb447e664b6ca52aa79dccd14444,87422906,0.48578755609397434,0
259,0xa81a482a9ddc6fe7f5725eb897cccdfddcef4444,87424054,0.7462490748140331,0
260,0x595ec8375cfa3b7759d9421648fec65f76b34444,87425189,0.790832881588733,1
261,0x70dca84b342f2f104f2395c669e7562d77fe4444,87426216,0.25746041200907477,0
262,0x3cabdce735b9bcbf8cd5d9347c928b5580ed4444,87426824,0.4877889194779278,1
263,0x677a69b6d69dcad6fc7e534b7036f6ce6b724444,87422277,0.5708915554206888,1
264,0x54bf2343fd5fde7a4fb05b51312825aed6bb4444,87428096,0.3278308591890851,0
265,0x2115ecd4386a6897884282d837acd8730c894444,87431076,0.4928461344617782,0
266,0x2e2c15a5b16012d89e3cdcaa5f4e6c8d8f2a4444,87432770,0.4371021194719005,0
267,0x5c91ec06fe8231988623e89c757e3387fd0d4444,87434988,0.4699090120973749,0
268,0x837d7762693dd094536ea993fb907fa61ab84444,87436031,0.1746435981789147,0
269,0x9e543e555253a524e7bede9eeec8c99881e84444,87437740,0.40863825769891227,0
270,0x6958ba84a8212089e819fcddd6f118d794494444,87438497,0.4478866378933425,0
271,0xf69187262750bbc7e821a7f865c909d80a444444,87439889,0.635317545679269,0
272,0x38e2e9f7ab3976e7209a1c7a0ef7f0d63c8d4444,87441823,0.05470231720422955,0
273,0xd5cbb92d69a3643bd23d181b9a5ff2ed45c04444,87444396,0.053193694393856225,0
274,0x7956ded8dc4ff011fd68c07b70db018136c04444,87445120,0.0385239891826644,0
275,0xa7873a861dd4e1fd254bd7efcc82e5def8994444,87447851,0.7280457785196691,0
276,0xa52a4848dc340d48bf840c73ce1f52d772694444,87448976,0.6331329012491985,1
277,0x6667634258024f6bfd555df31ad19fdfef214444,87449129,0.06597262675583267,0
278,0xa21ba97c8191df90e4d8e21fa081f804f01c4444,87449617,0.3965045421291766,0
279,0xa2c1bcbefdba529724e52f2f99f121a646d04444,87450208,0.0559922088093062,0
280,0x38acafedf83d4bc9057230a96a9396ba668a4444,87450594,0.38129673133701003,1
281,0xff428368795d998791c6286d9549f89ffb5c4444,87450630,0.24570665771970304,0
282,0x69cc0f522c8ba56810f0f30ae8be7adb1f864444,87451094,0.04800622028703561,0
283,0x4d474a97253dc229e3fff2dc058ed4c2dfad4444,87453743,0.6455496202590317,1
284,0xb80fb9f08289dd5bc71d6e429834fffc0d0b4444,87453907,0.39175907631744467,0
285,0x9e477ef0b5bd1dfe29f65bfd0ac1903aaaee4444,87453931,0.6327330925052043,0
286,0x73dec17fc423807cba6df6db5581b66ec8ee4444,87455961,0.4073513736722617,0
287,0x52555f9fdc692a36394e85272b57059dac094444,87455889,0.3582482544668636,0
288,0x87685cf5ad05114684e656be7da4f8b02e654444,87456704,0.39562421255921476,0
289,0xca4fdc5f7313a2f68b6833b89828ea3a18214444,87464117,0.3401542231050482,0
290,0xfb8357eea11bf241ddbe92903932e38f20df4444,87466734,0.22530013725152784,0
291,0xd5372bf925262866b8606aaaf529dd0dad9f4444,87469437,0.057342645865022274,0
292,0xe117c0d405778f7416ebb3a2c389f215f44a4444,87461003,0.4885624647661888,1
293,0x70f82310b49f354026f84cf8ae66e67531814444,87477801,0.04936112745335293,0
294,0x476a812c67e926a3101f9dca1145b47761e34444,87478135,0.08251402439397268,0
295,0xe50e7bf474dfd82fef52579405e8af70e1674444,87479805,0.45108702848534976,0
296,0xd511c790f3b225d9d46a655b1c7b6819c62d4444,87483243,0.062092058643587356,0
297,0x9a9b3e64ae4ab67a81e27017726b59cecab24444,87501738,0.059087303178636724,0
298,0xd42e0ba02a0a2c1ad79eb491eb350044d44f4444,87506442,0.557638010652556,1
299,0x97cc46c3a14310f772d071e4231872ba1faf4444,87506600,0.7022990180126113,0
300,0xbe6275420305d07c807c21da6ec481a48fa24444,87507562,0.4228036516141107,0
301,0xd569f80fbc53494708875f498b4f5f7c87614444,87507851,0.4755549018154921,0
302,0xff473bfcde44e821cb12cd26e70fb56f410e4444,87508097,0.3251277823659502,0
303,0x72ebb4f5d02b20fd47681ec0e524b4ad68294444,87509921,0.3335382699938769,0
304,0x1d4a9133169051d5c7a08a35a4794cb977f54444,87515313,0.7638766773634807,1
305,0x550f3326236256cf9d0e603a78ee7fb4a99f4444,87515315,0.4445083642039384,0
306,0x7fc2256e934ee2e57a82a4ba07c39bcccb0e4444,87515499,0.4597296325103089,1
307,0x550460190817df0701c1e8948852cddae1844444,87127296,0.254535140922519,0
308,0x7fb6dafea724e44125d9f8c55a82b9d4e7774444,87517892,0.7499247114280357,1
309,0xe168a742269a27664e284ee5f31067717e654444,87519176,0.7822304178038494,1
310,0xf41121ae793ab6fe262f178d178227649dee4444,87519302,0.7459931769444456,0
311,0xcd5316af3b97c22cc3faf51f240b7d27c9a54444,87519877,0.6716705690259177,1
312,0x34a53a2b0f561668a83e6c02b612f1a8145c4444,87386921,0.05823623951497693,0
313,0x0654a25e5fa6118068e58df07a738e4cdf5e4444,87553101,0.6290253548452197,0
314,0xcdce5c436c77fb5bf085a0157528d892e5d64444,87600357,0.4244890484871189,0
315,0x1bb92d49034d58258800198d686a109228b74444,87608384,0.8111979252565336,1
316,0x67175ea4ccdf8755b73cd4e5db4d5c13729e4444,87608602,0.8541697601928278,1
317,0xa3c4b8ba4624d9fe96442b21f5bb50efb3dd4444,87611764,0.596292223510588,0
318,0x3da4dde5f6fb5375675f65234999e582f27e4444,87617718,0.05733917737887891,0
319,0x1ccf6eab6dc0f8b63cd6777a3769e3c9129c4444,87621177,0.45108702848534976,0
320,0xb35c91e3439497fc84167bf6a3d9bf1004914444,87622403,0.7711097699347932,1
321,0xd015f8ae31c76f4ac12b2ff30c49fb0af6bf4444,87623835,0.3871741669448517,0
322,0xfe52041ed6de019e1d68012a50894acace8d4444,87628075,0.7259348440591803,1
323,0x39da33948e4cc896c6802c520bf2351560ef4444,87628048,0.4744131267323999,0
324,0xe564508ff7d59fb846d7c32b5ba1910b06e14444,87633751,0.06013229554884632,0
325,0x8832767e45557a3c3b2a385cc0c0c4ad84e54444,87635298,0.057281473627721714,0
326,0xa555767351c06364f41629145836bb36696c4444,87620607,0.26378429684252036,0
327,0x05b6ffcdc87d9fa97c76f82834151697290e4444,87643477,0.7782742457097913,1
328,0x46b635313f0ff438fea261809d141111be794444,87643812,0.7952366814483977,0
329,0x0156bec33d30dc42860a702586ee5e244d9f4444,87644526,0.22558157788042393,1
330,0x43cfa52294e0815d7d58ffe5d927b86001104444,87645534,0.3617073793345919,0
331,0x26b61bb620d0cb8191d7deda9e7502a5b47c4444,87366044,0.5677216960406598,0
332,0x91b139a9c5e169685fd439fa6d0e1f028aaa4444,87655658,0.060922602263025205,0
333,0x2f3db46b8db863f791acd77e35ebb3d0288c4444,87659182,0.5333435394695405,0
334,0x41197faffccd70435876583aa98ef8f3fc624444,87659801,0.6018577407309713,1
335,0x31046988857871473dba37f53dd78c9fe4f14444,87659851,0.05604696422219752,0
336,0x2c8af8345190d79976cfaeee157335e6b7164444,87660430,0.3474659801818026,0
337,0x027d9f4660fca8cf9ca1861b3238acaf96964444,87662875,0.30310744499436004,0
338,0x77e6bc3849c43cc7d7e2bad9ad4bbb36ef154444,87663648,0.2965809490851765,0
339,0xfeff51dde8c3b33e78d42fc4fe11fa54244d4444,87645072,0.20289477121912108,0
340,0xc85d67cc0dab53df1dd52e5209d8fcbae9a14444,87669960,0.529074367309125,0
341,0x7dfafa42394e439dbf161779a826d75d765c4444,87682744,0.07832507977592063,0
342,0xfce604e6e30e81a16f8343bce5f1cf4d1ff54444,87691046,0.609832211761178,0
343,0x5e9ed01fca3a631c7529c1a1cca8c370dab64444,87691096,0.3964199525457693,0
344,0x99c2255c97b60f6d80cd91dd549ebb06823a4444,87691245,0.20734760379597406,0
345,0xf5b86cf97af90890393468005d0943e41bdc4444,87692429,0.2891515424450486,0
346,0xce04066b4562c4f87c9a1687fe6075e0224b4444,87700115,0.4259811952474623,0
347,0x12ee68d03e65e8e6a3dcbf0095ff3c959cc54444,87701471,0.6567313849415451,0
348,0x5ab8926352afeda6d8315bb8f5f3f22797df4444,87702705,0.6898027422412234,1
349,0xe638eb607c7558ecc928e5ae499034a4bbdf4444,87702891,0.4418870880744293,0
350,0x09212d2fd7c7cbad7306c3f2b69ee73781ff4444,87709996,0.2801480829001204,1
351,0xa4f3ce196bc3bd87ee91ec6c6061878b859a4444,87710842,0.41498916805328284,1
352,0x48c6e5ff375b277b33053bba69aa5ab092f74444,87712589,0.7917680515609534,0
353,0x5a5ba3c483eedc1c8ab2d0c7ce9376de07674444,87639887,0.16577233396735613,0
354,0x39c4419ec294a6abf771c84449ae4d7605584444,87714238,0.40453403614203864,1
355,0x04a2ec9e1fd0e41cff9642e4c9438306b1ff4444,87716130,0.2623582004735975,0
356,0x30ad17479dc24e583a338a4be1a667d18ff24444,87717339,0.7428937550608775,0
357,0x17f2fdb2ba92723a1d6665109d96ea9a22984444,87717381,0.33743302114230206,0
358,0x99d10423222b16db3162c05eaf9f3562e4154444,87719760,0.3847409415178252,0
359,0x46f2eb895a017a1e75ac3ab14f87fe5886334444,87719975,0.7556498283860322,1
360,0x175c35d5e5d66a3222bf791b9761c72ca6d44444,87723855,0.3881520759858737,0
361,0xf89113dbfeb3f38a9ccb01a95779031b4ac14444,87774782,0.4187707522815625,0
362,0xff84c6e8fa7f4995de70415aea61af5131f14444,87804785,0.5340191870342786,1
363,0x894b96819a4244dc2abbd93fbca5038162944444,87805896,0.29093642170561923,1
364,0x55a343ee1ce56f089703bf99900a5f69f36e4444,87747923,0.6075229720568774,1
365,0x8628dfddffdac2e4f070a525c898cbdb7f3e4444,87809378,0.05283432114158906,0
366,0xd5297cac4acb90170e36a351db096dae77264444,87814133,0.0590163818976508,0
367,0x3d7fd137dfd51366eccd4f1be535436633864444,87812065,0.4652947250262408,0
368,0x11dd55f583b7d56d1538e09ea5ae63bc86f44444,87814723,0.3407449307576495,0
369,0xcb7411a5e46742c7c9940ca0271dbafa4aec4444,87815378,0.8050721534740227,1
370,0x80b38f58856ae1b051536a5f37382aed8bde4444,87835493,0.36609638541420136,1
371,0x1d4fc89d5686190f4bdc335e9e29d023e3d04444,87841576,0.32139383423340506,0
372,0x6fb03ab4fe0e579e097900a2ff5ecbc041464444,87844575,0.3440390432951921,0
373,0xc7b118ab2905693a9aebfd7c21e9a97f508b4444,87845086,0.5696404341590479,1
374,0x1285ed6dcacc63fcfcbab5abe341fd2ded4c4444,87849000,0.08936962718497889,0
375,0x9d7b5c6df5fedcf1c749ef09a2e0bb7baa224444,87859626,0.283145963533369,0
376,0x1b486d8060e4adefdab130ee6fc0a3080a5c4444,87859836,0.0893519978244681,1
377,0x5327327efd968bc5ff76a79cb93bdd7ecd2f4444,87862149,0.07495552818724863,0
378,0x769ad1e5f9efa26ed064325ab0dcd3d6f2e94444,87862777,0.3463385664781855,0
379,0x39e5074b51c255c39fd83f8bbe34fdf8c46b4444,87863280,0.3527171950231468,0
380,0xf506aad431b3832d3465d5cfc8a9a0da26b74444,87866913,0.5145041243550267,0
381,0x4a7c9940fbe33749254a8e2db775363690ed4444,87866937,0.4794823965315494,1
382,0x7eedad4ef642287c1c432af288f7777b09314444,87872659,0.792113435061566,1
383,0x14142c5de9f5b60eb086cfd648f41949a72b4444,87651536,0.44495630582898876,0
384,0x07eb7569ae50b375c0241f712abec7e541704444,87515970,0.3049167519560627,0
385,0x3fa6e743c8f261a010e2a7f5673288edb77e4444,87878743,0.6768476144586962,0
386,0x55704174728fafc2073e1d62a87775c8b8ca4444,87879766,0.5951707208497212,1
387,0x028d750a3288b070ad7a0dfa0a16a6d68c7e4444,87881384,0.42920877504747323,0
388,0xe1cd79f4cf72b0e97d77bada0131e0f02a6d4444,87883473,0.29781638269709015,0
389,0x702b528d4a335ae67fcec943025628e7a2ce4444,87895532,0.6640894032194863,0
390,0xa692b605a3304f5aa9cf3d479155c0e00bd34444,87896552,0.6069896881326632,1
391,0x4b5350eff1e0d9ab42d6fb3cf70068d02cbd4444,87896590,0.6417525351688629,1
392,0x0f2b5d1fcfcb0836cdbd3a971c3019451a794444,87897161,0.24103469638808164,0
393,0xc4918a90ee9552230f2b9dd7f40a3d7043294444,87901998,0.05484484775740691,0
394,0x3b814444057d7e35f4940d3ff96431b460924444,87902516,0.32347569069771254,0
395,0xf13f8aff4c39996d1904e3483446952609844444,87903543,0.06551535198427182,0
396,0xd0116f4e68d5b54938669ce8a062e3614cd44444,87903548,0.27637430234990507,0
397,0xb03753d5bfc5d748cd0d510b857a972bc5074444,87903606,0.547362627391869,0
398,0xd6275b350778f3f973f214fd38873673becf4444,87904990,0.33822523068314525,0
399,0x82db9a031b9c674cdb1d148419980add12ed4444,87912069,0.6865167371585205,1
400,0x412530e49ee1b1f64124064b2e732e92c1314444,87986905,0.602463140324316,0
401,0x4b41b2c0a7976d84500b7a4de847e356a9cf4444,87978683,0.21477292172593426,0
402,0xee1de5e878575c10e9e3f74f52c5e3e8f3954444,87987207,0.5923848873671083,0
403,0x722813818049f85d15b2e10cfed98fca71704444,87992984,0.22148941032024838,1
404,0xa5a66af2d7779ecdadccfe6b800b2453980d4444,87993007,0.3672421735596368,0
405,0x143572513f8cdc74d6fc5044d442745768814444,87995122,0.18833406525305937,0
406,0xc42b25c67f9d4d7387d8453310ba91c055844444,87997565,0.5866655213455465,0
407,0x7cd52e2a382abce7084e4ad2a75867d7d66e4444,87998155,0.36882410830164725,0
408,0x4b7443dc110fa8246461eff2dbaae0a7ff8e4444,87999578,0.05723510678240175,0
409,0x22bf50a61fbe17541804569a31a3036d80444444,88001529,0.6089930973888036,1
410,0x9ef287919a8a4e5d724bc361610f70c212034444,88010613,0.5027469606247035,0
411,0x5bf20b2fda72c7d94cafa6d925bf54c732934444,88010622,0.29501420824514357,1
412,0xcbc9627b9948a514f625d67eebd7a9970c934444,88019518,0.15398289892119393,0
413,0xf809ae62f844ee18ecdee717c2d063dfaaaf4444,88022287,0.5380053064258968,0
414,0x0e21e9555d415a551fb12aecb356160221294444,88025493,0.3169722784993025,1
415,0xa9624d01ef7741e075b6b7c46d029d833b9e4444,88025566,0.2897433189005469,0
416,0x8a3c15a6e7ff6b74fc36fc710c41e99ee7744444,88026599,0.35209648082080386,0
417,0xf88fb55d9f82a5f78233802dd6a1114be7aa4444,87834042,0.587534881594646,1
418,0xffb1ae11d05d5d03e0a6564af5ecd4048fa04444,88032685,0.5679523265562325,1
419,0xef9803137dda98dcc6eabf5fc09a0931be234444,88034576,0.44663602208355596,0
420,0x08012a0c4c89099ae6ab19b81d4e1982fad64444,88041605,0.44789509202369254,0
421,0xbb1e302ee8558d60dd06caf6c5495946d1754444,88041630,0.7156590802273222,1
422,0xe110cd12c0de04bf6b6179abaacf4748b6f44444,88048345,0.05786106686953155,0
423,0xd61323fda33f7d612ebf9416f8646c28cfc84444,88069569,0.7766141275209505,1
424,0xf9285bf1d50a6b1df210aa9e80f003d162344444,88074250,0.6896629571699913,1
425,0xec053273952b23b629ccd9cabe23ccdb6e884444,88075678,0.7213784201522919,1
426,0x0812b6db32f579b5174d4296f64da7f284be4444,88079005,0.14285825990710396,0
427,0xd542d23d20900ebf1a7a32e97a53c4d5df234444,88083570,0.21892371175090453,0
428,0x209f22bdeb3e0d9582eca0086c285bb8b1e34444,88085365,0.40579567260044824,0
429,0x511ffab5aa0f8f781db19f5362101ea691b64444,88091477,0.07125075178913919,0
430,0xc6974e88af4590804c075ff5071da1820adc4444,88093615,0.5943975253876663,0
431,0x30d1b2919cf2178d1a5d8c370a104e31e8ca4444,88093864,0.5227471871387415,0
432,0xc0f7b30e06ebeca891d12f447fbbb95fb1454444,88094212,0.5587534084589704,0
433,0x358965954ec64abcdd07f35e4f4670c89eb74444,88094397,0.5334089670536168,0
434,0x2ec8a911ac9fb4c6303e3069cd6f8a9a06224444,88095241,0.36989114783548066,0
435,0x3654b8ebd9e66dc41f41dbb043885cbd35d14444,88095772,0.05579902464011798,0
436,0xa212caa28f20b2220a52dd9f1fa0b97e6b8b4444,88096323,0.29026712021436923,0
437,0xaf507947f99772f20aa614c828f5d15b36384444,88097584,0.7498913924649133,1
438,0x5d8c7d6d8fed8e9aa0f5cc8ec68083ab15c44444,88098224,0.6703570781980899,1
439,0x7360771cd0b0050ccc067113ea248f550a654444,88099615,0.4635380145556144,0
440,0x11d25a9a51203236f5cf234398ff16a22a7a4444,88101450,0.08132080946171569,0
441,0xad09677fd0e11b11c1b485a3db494e2a625e4444,88101464,0.4978869491565841,0
442,0x5f01eb0ff1db8e398568919c4c47bec628414444,88101498,0.04425755090243153,0
443,0x349db459e4cf684df89d867f70486fed74f04444,88101987,0.3926930705482399,0
444,0xf2f121391ba9c5ebc8a93cdabe0cb00b60ae4444,88102003,0.38225810696675927,0
445,0xcff990e01374c1c3ad76fe89c19b0c17d1cd4444,88119498,0.1726898216713256,0
446,0xf3e48cf9bc290fe9d3fd610efbe8798848ae4444,88146197,0.3047412490208617,0
447,0xd3c7842b20bc3481db6f30645b2c94749c2e4444,88171730,0.0533220749355123,0
448,0xeb26680236e94793412271717623b82e4a194444,88174383,0.273212652039304,0
449,0xded859f063d4d71efe5ebebc29343bc3cc984444,88185410,0.4593754279917087,0
450,0x8fb992f1ac662dcd11555e01b8ab01708ea14444,88188151,0.05641957267243778,0
451,0xaed600a5a1a17e6a900188b70c500b3ee7044444,88191184,0.6107706406392887,1
452,0x21cecb1be462bed58a9760106b56c3f60ef34444,88194470,0.06882631255339171,0
453,0x70f18f660cddce841e93d078904279e155c04444,88197921,0.5865838802900226,0
454,0x91b5990b359292c618eb53390b13190697444444,88201375,0.4790256205915404,0
455,0xf8432bbe206bc7df09052d1b8c46508bc95c4444,88201452,0.4085961135609692,0
456,0x5b8f3bfa9746d05361f2d6f5b11b9ef060dc4444,88202268,0.24280074935593796,0
457,0x5e84286d871b4169b75a90cbc90b7b3d98554444,88204718,0.42767225216842764,0
458,0x3489fadf64fc7b47f547603f3c1a974b87644444,88204985,0.03638415347176892,0
459,0x7a5c4c1a53bcffb5f7239548a8ee51bd6f7f4444,88205036,0.6912120703668329,0
460,0x0895e4e0429b1fb687c649c3d04bc9c4a72a4444,88205294,0.13530917125884934,1
461,0xe4437fd9f61bd09a4095cd7b58a04a6555a74444,88205392,0.20023407879891983,0
462,0x1d1ed5c3b613ecb90d3523dec0ab783b06684444,88206993,0.4459706519527967,0
463,0x905424717c888bf4d0edbcad27ff5f7bc7b44444,88213737,0.6272551527862921,1
464,0x0bba9ba6662c2fa3685711c682c62d4290674444,88217673,0.47634442338698885,0
465,0xf674a99b3f6a37053af7d4f01bf33b3176554444,88076070,0.21143774329835038,0
466,0xc4183c5e690ff53daeb3c4d11907a144ce8d4444,88220570,0.35444300020155683,1
467,0x0c09d20bc943d318cbf2893a20a784dd22924444,88221208,0.3793816308620156,0
468,0x245c3bd87ad113cbc6c4bb6069177381fdf34444,88221241,0.4716155226078024,0
469,0xd70d3ce34bac1486d929d8d3f9475f7bbf004444,88221273,0.5984887053936165,1
470,0xc909b78490e142887106352b404e851136ec4444,88223439,0.32182065310387575,0
471,0x5ccbc3f283daf1d081912e913dafca18ae0a4444,88227095,0.4117350232841206,0
472,0x5d08cdc81303c20f65345d32e8df067b43dd4444,88229612,0.17489499914926518,0
473,0x5b2b43089a2a1750dd320a9fe07fcb016b8b4444,88236702,0.46811609447675834,1
474,0x7c6f550ffaa57a2405c1470f67205e12a3094444,88236704,0.7946608045281407,0
475,0xd4030977de32a7ff21a89c0056e5594111c24444,88236706,0.5271459412873243,0
476,0x66f10363aa46e27215b7669898efc67a462f4444,88236935,0.7670332236640218,1
477,0x13b168d3564748f9a9b1bcf6d735c06479194444,88237489,0.48198020251096496,1
478,0x9d3cd269f0c747ed5ebd71228865eb0c265d4444,88238020,0.7456749992812445,0
479,0xfa3346883ec5d133c55a01456eb7ee9207404444,88241765,0.5110049093962408,0
480,0xb88af31ba110c6aa5181bb6380dc2cd6eb134444,88248301,0.2357704509330344,0
481,0x49c9da75ee3f4a4c26472bb1e62409aea5724444,88254125,0.19808119484241116,0
482,0x5107ebfc3659b6c8b8a23a124559787e70dc4444,88257769,0.3680855558411854,0
483,0xaa5df5b593cd51477cdd4371962d480af37b4444,88259815,0.5724882845174171,0
484,0x5539d250c11dc18f0071fdb293032f1c73054444,88265230,0.7876452490242712,0
485,0x099a209455a67543b36ff0b6e2c5be78ef454444,88265612,0.04765925395890007,0
486,0x0992ba99dc070b7f9321ce42df7dfbfe80484444,88265642,0.36185076236884095,0
487,0x08e4d61a8c4eddc064aef41d76a87a4f343d4444,88267957,0.6433859106632381,1
488,0xc122813821b8bc16b4f455296dacaba797024444,88270487,0.6353398361178783,1
489,0x05b6f1e5b2b2b5d3594c4e496527b5a5b50c4444,88270472,0.442861766557497,0
490,0xae830893509cfe67341f4af9fb975bdb132b4444,88270510,0.3651916449644828,0
491,0x98c07362eaa276be53d31aadecc66bf4865c4444,88270666,0.37300355114218836,1
492,0xa92cd1fe9810975b6523ac6297cd33550dfd4444,88270833,0.6334739371908819,0
493,0x0950182d56f4267e9e6cc9a083ed959b492e4444,88272030,0.45620692375267535,0
494,0x7bea116238ea94907ef25d4f714e0df246814444,88272066,0.7505953550417459,1
495,0x183a28acfae7e1600a7ae402b7469fdb74a24444,88272254,0.6397798031020872,1
496,0xf3287aebbcae17607e5f53838ddfbdeebc924444,88272529,0.16633966183784943,0
497,0x4401f848927b48f57648b9e464f536c425014444,88273307,0.0566184636510834,0
498,0x3c700f01007a64c6d66e0c78f845b383f7b64444,88273824,0.2544780066094397,0
499,0x41bb271c6168a117c79f7cf0a170ad32f0f14444,88273896,0.2670105410426352,1
500,0x9088b45fc258c34ab412f8b50d41a013cc904444,88274320,0.5440548752112924,1
501,0xa7d1c843f710651a48098b34fa8d832f5c2a4444,88274438,0.3547916587306757,0
502,0xd3838b9d25918e6ce8eaad8bca1e1e6dd7fb4444,88275297,0.508793987330694,0
503,0x490bb0bcf070033fca1fa611ef5624196da94444,88274717,0.571625337499449,0
504,0xbed5b06a002571454ee0d0366d3c7bd6419a4444,88278166,0.0584474899984009,0
505,0x0599e64a65ee8928049fb9947af7dc0e39f24444,88278207,0.8492276765300402,1
506,0xb2b59c4d276f9e5b90429f13bc6759c9e8584444,88280616,0.06299412636873927,0
507,0xbccdd6fedc27557ef9e1ce205ebdaf296c4d4444,88281321,0.538044656851167,0
508,0x2877e36c955ccf5041846d5aff9177eb1f884444,88281281,0.6734865726934812,0
509,0xdf5fa308d67ccd8982332ead3a218ec220e04444,88281376,0.29302820077410374,0
510,0x095f630c07eaaba6dd7fa81adf139e5e216d4444,88284131,0.6917080309062248,1
511,0x0a81f6b50a9a88b0101b5de3448279960dc24444,88299455,0.26339859152342765,0
512,0xa6d9947c459489f3375b7120f618ad2ec6f44444,88299650,0.6586175082740369,0
513,0x60fcfc23cc320b7c56a340fc2733135155574444,88294364,0.33017969011726994,0
514,0x1b7bc8efe86b7154d428a1371a56c99ce62f4444,88367529,0.45966389978369865,0
515,0x592fac5a10068d4929e629be75d2fe131c3a4444,88300265,0.4434754801700664,0
516,0x29bb14ec58c377a654b0fb3a90500fcca3584444,88338470,0.4697014666741886,0
517,0x293fee82009d287be73eca44b8c1d8ce2c274444,88388630,0.38252482627163187,0
518,0xbe971fba4a01fd23ee035db7f963fc9870e24444,88391433,0.2048828942780217,0
519,0x212218dfba379f1f46002ef85da4d0b8fb374444,88388219,0.044934311431900756,0
520,0xc5b967083e3c871bd549882312a323f58ba34444,88402102,0.22052158787596948,1
521,0x8028a1c28320d12bd550a0a055091ff1b4fb4444,88402138,0.4821242755870279,1
522,0x75d8c9aab3f6ccadfec85a593dbc0b3c92c34444,88402420,0.28067933686504415,0
523,0x2e6a35b99807c279dcc7370ef85bfabe69354444,88402479,0.1301723137674182,0
524,0xa8a2c2fa29a288e2a1e1c3cd8343346dc93b4444,88403039,0.4376563200506647,0
525,0x99092aa64df4f53f30b2fb72502b19173be54444,88404986,0.6894972994555115,1
526,0x5522a01c6b557cce4ebf34122002ce18f7b64444,88376362,0.7493593709462871,0
527,0xab8d02b2adc0517721031374de15336be0ba4444,88405325,0.6067002580893748,1
528,0xbe6382916214055810e9d110626b4877fef84444,88406963,0.6443547701516864,1
529,0x158a3e2c170330761f48af17669fc97bda3e4444,88407236,0.6060604452771984,0
530,0x04436f0275de792f7c2ef5a898b8273593764444,88407394,0.4199182521636365,1
531,0xb626ec634105fa9f823cce58986c6d9f1e734444,88409927,0.31268898023949154,0
532,0xecd90c037109c5d168094f43c42a4343ac944444,88412897,0.0670269851100572,0
533,0xaf9d1b58f0d7c0bb8552acd0c07c3d2559764444,88420117,0.7962223838724134,1
534,0xa46198e80b01df2e1edab360eb5b6b4dd25e4444,88420208,0.5961521945695522,1
535,0x6e644429ec6fd688d73751fb1eaff3e9ced04444,88420393,0.38972870561242945,0
536,0xd16bb99a5f646fdb0eafea34d235211040df4444,88420881,0.4002855044939303,0
537,0x60580bcd822f73bf332d32f928d6c8fb5ec54444,88421238,0.3522759642472497,0
538,0x5ba5778c9f07434c5313e5f87138f145a4fb4444,88425257,0.23281388218330848,0
539,0xed176f86c69712987a01530eb549c30d0c5b4444,88425259,0.7092659315321147,0
540,0x5f57b4af8e890673390bad7b4ba1c477123f4444,88425457,0.44444564041009027,0
541,0xf39e7848d616c0fb9c5db866ab236657cf3b4444,88426280,0.3253942223124304,0
542,0x00b0b1d6c809c3e75b2649762daf32770f0c4444,88426866,0.056294707658923686,0
543,0x59b7db916c7b11b8ab3963b6dcf79381a1a14444,88431246,0.05584182814076459,0
544,0x68f244081006be29a3cc8780db1173f76ca54444,88388118,0.5012569460131105,0
545,0x61ef6983e3398968567efd51f7e480d323834444,88443547,0.7130212732931682,1
546,0xbc3dc40c8846f2ac29a79e3a7eefe86afe924444,88238829,0.767801683555747,1
547,0x8dd4e4cc4df7b51ec24952fbd35ecc2af8094444,88443965,0.520603423504434,0
548,0x23d1afe74e4781be5c96c03bcb55d9e9a0384444,88444080,0.3920571827098123,1
549,0x931bd7d93e34d38e1ac386c4e313476f240d4444,88448038,0.6787211679615621,1
550,0xae3b24480781bd53b61522cf8be3c988bb804444,88451166,0.5702623053704788,1
551,0x333e39651bf5e5f360281cbeb4101c6a95d84444,88451743,0.3791226199990974,0
552,0xd0f9a4592b5ceb0c6ee183c48d57f8d23ea34444,88452496,0.1927897419370485,0
553,0xc9f194dcfb3246aaf19682acab7ec864087b4444,88452772,0.15032922196067033,0
554,0xbbd0870d64560768ac77f3ebe2bdad88561a4444,88452998,0.29001219402709383,0
555,0x7c9dc3265a41703d6f7f84207ec9358e9c584444,88463325,0.6005773662943039,1
556,0xc70a3c16c9e1b9903d444022e0cc8cca6d6b4444,88465279,0.35805968243545905,0
557,0x8fbf061f4854e414ce1d5da5514094e94ed64444,88469354,0.05283432114158906,0
558,0x8a72bfb63187f35f39415081d2b63ccae85c4444,88469357,0.23377235737283975,0
559,0xf9fa6fc80b0f4d505013182d4ca2b06bef9e4444,88469406,0.34274389889897966,1
560,0x209dabde3166aabb0287e4219d26a03cb6834444,88467575,0.1588887888139544,0
561,0xb1d1089aa529f8f028f0c2bc7a5fb219407e4444,88475484,0.07229027297664661,0
562,0x0bb89d9f3652a8c4735ff0e4e3c3518f7c374444,88477502,0.6117336601824249,0
563,0x2bd7fdbd3d7b0abfcf9a752f250d0d89e2dd4444,88478264,0.2899031059482129,0
564,0xcaa717373235cc830fb830542d524593a3954444,88342421,0.0541501637839694,0
565,0xa00a7faf7953969c3c115c881a97240a2d784444,88479166,0.20878112206117128,0
566,0x0ae09f78544b6fb7a75989e5658ac40a01d74444,88492534,0.7644859011909998,0
567,0x55fe966f768d78c6dfeda00e3780162e7bb04444,88519833,0.23099908467966765,0
568,0x49542a98936790fed811c32bffbb9b4aba774444,88559909,0.053914846755838776,0
569,0x686ddcfc5724f7fb4e5137fa55b15fd069044444,88575290,0.4102672630676006,0
570,0xe9ff041765697492060e924603315b07acb74444,88567846,0.8005481832885801,1
571,0xf39284e237576a261d02933dbe56eef1203e4444,88585843,0.5242484706758905,0
572,0x25821d1545918e25383e779915d1d8005dbb4444,88586180,0.5988760640181687,0
573,0x4ca3dc5b00f358b08260eda2e4e65901ac8f4444,88587227,0.3536288402788003,0
574,0xb8b468c14e037419fe1aa5445dc1efe97ae34444,88528842,0.21014781712984995,1
575,0x24025add337ee84acd488e718d445a32130f4444,88596179,0.2859681386624477,0
576,0xee595d3b2e1c06d10d6392ba563e163ce7cb4444,88600593,0.47527754141452494,0
577,0x0a0ecfca0f445edc7f979570ea36c7ec4fc54444,88602294,0.6298218264692204,0
578,0xaf82289d3c6b6fa97a1d15cd7700930a1d714444,88602316,0.5833804011950737,1
579,0x364df94a223a7300d95fcaacd6124fb9156a4444,88606555,0.06437707855174186,0
580,0xe39146378498feaf95d59da61a05e2dac0f74444,88610096,0.29418414766480133,1
581,0x447305cb38afb9204fa662cfe036fd0e59fa4444,88610659,0.11279334640025146,0
582,0xe5172b99366d82b72653112d25124d99303f4444,88611619,0.6815912056424225,1
583,0x4a152ddefc07672edaeb26ed5e2dbe43c7aa4444,88612012,0.248034004612141,0
584,0xab82c9956109ef23903e083b3c0bd2ca35354444,88612048,0.27311281254150555,0
585,0x66e70721537e1cf2bcb290cb840c499dd62d4444,88613303,0.06431556188282218,0
586,0x3def4db5a4320b3c36397555ea65aef665954444,88613304,0.4493804894477861,0
587,0xded7e6247560324842502b5c4a59d746b4d64444,88613500,0.551236185555296,0
588,0x9d22af63d8a67c8912d5c344048086bdcff04444,88614229,0.05152644461615779,0
589,0xd2790a62a3211918401ad17459d6cdb855b24444,88637330,0.7668796260205373,1
590,0xe70bcd4c813a0e32d1aee2721fca89d51c7a4444,88642500,0.24503666570921734,0
591,0x4c3110c70cb3c52419c80b97afa067be1cbe4444,88645595,0.06789131307792676,0
592,0xc8af36121eed264fba6e9bd0623b2d0cc6024444,88647315,0.6122191056947913,1
593,0x34ad3aaf7767b96d104e9077d2242139bb1c4444,88648793,0.6021136067669844,1
594,0x089ad7e6cba48ff13fca607ded50d1b0409e4444,88651782,0.6160858303487886,0
595,0x76f2e86bff12fbb3e5c778a7f00e5d13f2894444,88652844,0.6879586859319294,1
596,0x547f1a6f8988648140a8e3ebb31515191e124444,88653415,0.2786409652245413,0
597,0x32396aa3441e4bdd2ce4a8c5fd4db8ccad374444,88655871,0.05687850589402693,0
598,0x439ae013f8271743e1f74426f63e53a182f54444,88657328,0.22857580176166,0
599,0x9bd7554e13046f5adde37de3a1b5a67940904444,88655043,0.13057735084281274,0
600,0x8e4b469c2fcd4af358a3e7a03aa2e05beea04444,88657293,0.5690275940002059,1
601,0x48ffcf7852c8ffd2b1a7474c5f8421bf14414444,88456909,0.3926715999927763,1
602,0xa13c014d4cc12cb423871715a5d8c07d9e684444,88670258,0.38270191647458246,0
603,0x315df486f5182d7d324a96e67353b3ba44774444,88671968,0.7482789228874425,1
604,0xaaf395596b5efc7a64f299fe7712575f060c4444,87060060,0.34119094950761836,0
605,0x5a95783d9a3d4e1c2e03107c6496f097a2a44444,88673441,0.7053955163437485,0
606,0x3a7459278c74a7f6befe497759d709ed82354444,88679501,0.483391104568853,0
607,0x0bc61768132aa1484e2b09301284b7def78a4444,88678989,0.45618242755730165,1
608,0x487022daa2e157be3b1242c0302fbce0eec34444,88709210,0.2762347481173675,1
609,0x567128702fdd492f7ebf699122ea4515b7354444,88764860,0.8274961281033413,0
610,0xf259aa87f32c43fd67c6a894f2c97a0a31c74444,88755156,0.21749889753774782,1
611,0x0ba2d0d831bb944920bc3e5c1121c255eb434444,88767227,0.4261354223621508,0
612,0xe70f1a9cdefb69c26f2ea0c5f17b358a86db4444,88768847,0.6788897180850623,1
613,0x147d801edbf9e6b2a5188baecf77a1fcf6ea4444,88769671,0.6212868173455837,0
614,0x2945bc06c4c62356e9ff5b392b9dff78d72c4444,88771550,0.4336542068686078,1
615,0xad3433442ff9de4387c416f269500d7dfec94444,88772455,0.35444773939367286,0
616,0xe033af6004b092d1b55a5ea4b2d4c03b922a4444,88772732,0.45278733901787976,0
617,0xd09aaf6299db0195cc423cb8f85c3d8848cb4444,88774292,0.5893115565410136,0
618,0x0eb79c5ce6fe677c0e895c73a76492c8886c4444,88778820,0.05733917737887891,0
619,0xc7c7fc6ca3b65780294db4545b386d208e324444,88778852,0.49065693087308854,0
620,0x0f18004b4b96ce7beca111d3b4f063af86ff4444,88778976,0.39097107361729283,0
621,0xbe999475c23ef2edfcf43ef615181b39fe014444,88789011,0.49875803149399955,0
622,0xa46b9faa66bc4b85d6478df6df2c81842c244444,88791203,0.5546349035813977,0
623,0xcd04ac054c7a11687ea6ccd07b6dc9cbd1784444,88796012,0.47782720466100276,0
624,0xd139405d2386cd4803e1d2fad604816e8c484444,88796769,0.3079967191730074,0
625,0x2e09c3a74b5520f24dc73720a237a8c616014444,88806714,0.5722301443556328,0
626,0x4eb44ada066c881bff451e127a69b8d324614444,88808094,0.28068343616501934,0
627,0xf7da14e4a16308c38dffdae7a5747b702e0e4444,88808555,0.3041505537421002,1
628,0x778074f2bcea9c8e8c9d08218dbdc316fe7d4444,88833684,0.5133671526993391,1
629,0x06f77d74f1f078730ac9a533c32d255af00c4444,88833625,0.7678365492291327,1
630,0x5509d4b52adce50f79f0238f1b0ba0dedf834444,88836468,0.6672655736294671,1
631,0x820489b878f335a0e2abcf30c47b3cdcb0174444,88838282,0.25317842853266087,0
632,0xb7c01dd1878d64bd24d515dabb359755c5174444,88839372,0.4291843585716959,0
633,0xf5e3379569a801692c1c94479089c346ce6d4444,88839375,0.39912808928571425,1
634,0x20c003e0adba78c1d453b25c7d29bdf2322e4444,88839465,0.6304204124022503,1
635,0x64031d3580d88e78d0dee64311d7f39db0564444,88847139,0.8084245198323083,1
636,0x203d07d18d8a8e6b2bf9d1983707f660bb804444,88847149,0.31804457359582755,1
637,0xa0a1385817e7904d9130b501c51a595bdc3d4444,88848983,0.30171448634245557,1
638,0x270a21b07d9c9822bc62de265f76410ad3614444,88848987,0.8010623084919826,1
639,0x76385689ac672b62292cae9ee4fe15a53e484444,88852027,0.8324774416151329,1
640,0x393e1247f20e4ea937a7620c3e7fcf3c3cbc4444,88853892,0.05591449257504422,0
641,0x1a2ab5aeffae3d694969c77f9e038c3d7e5d4444,88854854,0.4947256540540982,0
642,0x07cf1f0cdb7e09469be8fff3bec66201f6b14444,88855282,0.7470988883556378,1
643,0x4ccbe57587065fee6e1740015c3f38699b8f4444,88855502,0.274859644031101,0
644,0xfc89768d0d3e65839c01f6e0a23b151972c24444,88854404,0.7034049003005145,0
645,0x543b299648904c029527168bd4eefb2a24e64444,88856027,0.846145468966157,1
646,0xebe486fe073fd44ae137329b1e6494704e8a4444,88856746,0.46317364795318516,1
647,0xc28ffc2a28bc65fc3f63d5a0b324b3728db44444,88856793,0.45572778800676866,0
648,0x2358b624882bb7afdcb04360c1e36b9886584444,88856927,0.40187445317832005,1
649,0x0036a7854c6842d6c6dcccb484dcc35eadb54444,88857347,0.6067096630231361,1
650,0x8184693358181eccc2fa39912ab8a200e2644444,88858419,0.4033939082007774,0
651,0xf090f2dfbe0cfcdf62e4002399a0f7eae87e4444,88858443,0.26771663620652814,0
652,0xfc0d2ae5c32bc037943259d0c43fe0ec3d914444,88858467,0.39730408181283405,0
653,0xd0be5223789c031c50d00800fc98248bc5b44444,88860317,0.5434069529305318,1
654,0x82701e418490d047c960caefbc14a80809724444,88860864,0.33009920270956944,1
655,0x5c1d3510c7113049611b5234912ecbbeddfe4444,88862083,0.5232960266423138,1
656,0xc1aa89fd3f09acd06e6b57d39aca7f4267f14444,88862430,0.7579303167030372,1
657,0x942d6a01b0b1b734463bb04cf166ab96ed5a4444,88869975,0.05579902464011798,0
658,0x2f54717d37d7017d77b11969733f4b1d7bf94444,88870039,0.06630494279907323,0
659,0x57dda35f856f7e32d54fcfdca56bb746d9754444,88875053,0.41966722655019484,0
660,0x68a0868943dafd3a045ad9a6fe15ec0f92d24444,88891083,0.34888092351074107,0
661,0xea8c890831bc1d92276479e46e3139dd0ba04444,88957881,0.39767050217466,0
662,0x700c45b0e995910a49ad319688b91828a50a4444,88959572,0.3855344620550198,0
663,0x5ee9829697c75ab3b23dcb2700619a3d0dbb4444,88955407,0.05417137153979547,0
664,0x1867015b159b77352a85f775716b8cce37024444,88906994,0.46031424014175437,0
665,0xeb0e14a9345bd3ad805c89da798220156fdf4444,88964539,0.4617949142961952,1
666,0x8973109cd86acb8a497daf10a821d919375a4444,88922234,0.21183623476124622,0
667,0xe6c238d6e4b756c9dbc9a0989e012dcb80774444,88966188,0.05156590880994823,0
668,0x7f778bd32fa8715de8b814107699cc92efa54444,88984755,0.4739825123222691,0
669,0xa7a26444e613f68aa2c937a09f845fc802d84444,88993956,0.3172610784885559,0
670,0xe5cd900aa4a0083510960f6fde7d76dc8c094444,88997624,0.4909645367502419,0
671,0xf71897cbc98fc15a3cfa3e48ba874290b92e4444,88998266,0.051522746035108626,0
672,0x20acb4fcbe528d730c5428fb8e0817c6d48d4444,89000686,0.07492272949752415,0
673,0x37b950021e6efe626f86374a34d3c88d74144444,89001458,0.47116221834533184,0
674,0x0fb72917f64c48758e78e1e8841a7e22a5b74444,89004417,0.4242521911309514,1
675,0xea82f7c1695f7f78a156f1544f47f7d923354444,89006825,0.5192569503198589,1
676,0x190c6907f442e445b73f2da237ff089d35cc4444,89015554,0.6912771971263675,1
677,0x5df85b9568f7a166d8894f9654f926dd4e804444,89015668,0.32358994881958775,1
678,0x00aaf21477e904f3582110bcb685c757ec574444,89020568,0.290464185022368,1
679,0x7228aa8268e39bed0ed76774df18539cea934444,89031031,0.5052840228643357,0
680,0x09a42d38e5f43e01d5f2a667399451172d004444,89046969,0.0479078422636854,0
681,0xcb5f3bfc3b252d188fff5e29e26d765280bb4444,89054045,0.40416123145990446,0
682,0x228e1cc771c62e89713927e9383fae21fe5e4444,89056597,0.6819951083329521,0
683,0xedaa988e6c64ec8670ffbfde7ef6c3f143df4444,89057715,0.5539807409607707,1
684,0x8fa8105edd30748773b370346f3d3f4e0b584444,89057949,0.7262203403845943,1
685,0x46e2a3077ce0de38ab4b7accb55a5e746a9c4444,89057972,0.2831377019351682,0
686,0x2835efc18c6da5423db6efa19d9221562acd4444,89062344,0.22679897172533772,0
687,0x7511391e35a95903d345dcc0cd2c8b1526f94444,89062958,0.7370454897525632,1
688,0x7640da1ce40e0991a601b08488e85e4a9c024444,89063150,0.6535212302333978,0
689,0x78900bf4a3602100419e3fbe788a3cb37ee44444,89160108,0.08766457064750205,0
690,0x70cff3af1d6d3d1e9e1ed6bf5bbcc176c0ed4444,89175030,0.5276902481966713,0
691,0x8eb31a7f9c7ef458453e69a4ed0177f91f084444,89177972,0.45688108984295633,1
692,0x82458c6b6cfc952ddfce73c33627f50892744444,89178442,0.4156649583301927,0
693,0xe5eb0d1a2d822e963e1a24cd5b6eeabe108f4444,89106679,0.39185003811383884,0
694,0xbbd8413ddcdbd1f42c318f55a76a92c4163f4444,89201659,0.41102634872115795,0
695,0x4810e1e83eac3d6c8623361e7524639bf6e34444,89201916,0.2716642795812473,0
696,0xfc65b65d1f579cbb02f892b6baaf4a4f26054444,89204394,0.2840170230705369,1
697,0x3f6e1070e8109893da2d058f830d20e5fee64444,89205674,0.5847069591885187,0
698,0x8edb3b6f57dcbd7fbf07de3bdc7e6fe55f1e4444,89206337,0.36190176393052637,0
699,0x3ed9048394cfb6d8870f2b1fcfd5b94e25094444,89206427,0.4944240701599603,1
700,0x18a9e8bcf612e5a2171e27f4a857d2653c8f4444,89223074,0.5905549068994916,0
701,0x44c1d0dabdf980ded7e2362081e8b239d8f94444,89232353,0.3973275029080328,0
702,0x8385247019344e2e27cfa4013e9c0193eb134444,89234027,0.5937706606926596,1
703,0xd12f3c4a40e46600f0bb2a98d337d161776d4444,89234663,0.21436040571732987,1
704,0x77ea4178963834bd8f1243a25e4bcb70cb134444,89238144,0.8394170567681962,1
705,0x2b560fb77d755189b88c717da6bcf64365434444,89239096,0.5711075142559395,1
706,0xfc38278ad5393ccdfe5c52c02f00ebfc23674444,89243789,0.5228116643665512,0
707,0x39b227dce661b0eda53cbb5773d396bfd8fa4444,89246563,0.47792927631425863,1
708,0xf1bc543b8938ba365a64474d8fda0b75b6304444,89247139,0.5959264900591577,0
709,0xebe501421c08eb633ffd47bcf68dcdf2f92a4444,89250110,0.8457181112555687,1
710,0xf1fd2bd4de1816b58951021e3bb1f7b1cf904444,89278904,0.674035769774852,1
