row_index,y_true,oof_prob,token_address,create_block
0,1,0.4652660556636336,0xa263d50302fe8586ec631f442abfff4318e74444,86751706
1,1,0.7607154322686547,0xe0ea52cfe226708fdd9ac00aa868f50b14d74444,86751998
2,0,0.09549051555950387,0x5244bce92532581a3036680d1205874141a24444,86752571
3,0,0.04727284959977864,0xf7b0d361baa2ca9bd44a366947b7deb995724444,86759001
4,0,0.22495994972015187,0xf4d17be2ee2040d2e5734ef53b0bb0cf53e74444,86780696
5,1,0.08251101266453888,0x30655403d606c4d131a96d060f3fc27954cd4444,86837491
6,0,0.029075594825518768,0xf6f05d26f62eb4f9b7edf2b84de0b25b6a124444,86846011
7,0,0.20234629441906285,0xf35c2cfe8208f73fa8ae05019361ddaca9b94444,86847639
8,1,0.9700365235203927,0x1568f8422e201bcbaec1fd80575a1bfe31774444,86848055
9,0,0.0025549535611863847,0xf695314f75069e40b37af73461f247be1ea74444,86850045
10,1,0.9560722485380955,0x0460d5b047dd71c82ee3132cca5b9f45ad734444,86850697
11,0,0.0011182254480132127,0x18082d03bd5e59e8128fdb925edfbd42b5ab4444,86851855
12,1,0.06450453870328399,0x7e186831a5e647d802d753fa249489d58bdf4444,86854245
13,0,0.030921761526535557,0x1d263957e8844099c3533dfb2d92560764164444,86855459
14,0,0.005868909500935585,0x2ffb13a5105a0e6650f63c830a551fd28de14444,86856316
15,0,0.024164708042621635,0x78327a88f89e7fdaf5f55e1db270ca4415c84444,86856572
16,0,0.02787334952248346,0xe78251421e10596dc2812cb02665f8794a6b4444,86866161
17,0,0.08570920238003867,0x77d6f48413e3b599d01f0e9b6ee8dd28cce04444,86866614
18,1,0.7919460446874733,0x735b7ca78176d93b8c506626bcd7507ccaf74444,86867343
19,1,0.8674620371910877,0xa0de8b310713c10d168d7adfb92b5963cb644444,86867402
20,0,0.4133305533945153,0xc1aae2281fae084cc64031c30e413be6567f4444,86868411
21,0,0.020546226563702544,0xc95c0ed783408dac953f63dfad6996ac7d624444,86870156
22,0,0.06292219915718889,0x4eccd56658cca2a6f2d0cef366af7d70cbb04444,86870466
23,0,0.001518833747935248,0x0d5eb03c6fe40873af1ca3be75909069fa5e4444,86871322
24,1,0.19383303200977384,0xec99e427177c739df171a01337312ad22c014444,86871499
25,1,0.021763531987682324,0xcb20965ac329b0107d8f723f778bf0ca2c144444,86871575
26,0,0.009532770141246304,0x7b9affaff4acade3590f99b846dfa0b6878c4444,86872135
27,0,0.3464568881420859,0x980fd32d50e83edbe85611683e28ea422e3c4444,86875181
28,0,0.01814705433959081,0x423e58eef8298812f5f6ba5c8a4cb5267d5e4444,86876192
29,0,0.11909796860668499,0x56ae75972d65c7584bbef232df63058e7c644444,86876392
30,0,0.0018609380291004167,0x7e013e7df680dfc44f180780a688a6f2d5ca4444,86876525
31,0,0.006329432817836661,0xff3fcb12ab91451e4742b88f223062e976b14444,86879535
32,0,0.35808275223373764,0x3a36d1e3109e6f53364a4606d5f7f2e709eb4444,86881248
33,0,0.040397694370793984,0x406fd29396759e6196e3168d2e90e0fece2c4444,86884208
34,1,0.13923207593650933,0x2ffac86e266db4ec2a2579bb44eb26df3dc54444,86885365
35,0,0.006034390107040497,0x364058945e3683c784c68a0cb9d564669fdd4444,86888247
36,0,0.06260788428348117,0x58b7c25e78950ce916f324bde290f727e59e4444,86888862
37,1,0.911288499683273,0x93e4452af265d1dd2c3ed37e4eea7f996c744444,86889823
38,0,0.17146914824764523,0x94ec5428ce8a9bb2a386bd1addf3ff156ee04444,86893725
39,0,0.05796414153241015,0x65dbb2eb202f7dcc7409f8c9316f255f43ee4444,86894402
40,1,0.9389420819395753,0x888fe95900834adaafe75d2ce40528c217244444,86894830
41,0,0.012215178150180039,0x9005b2a2cd5b9e6b461acbbed51f0ceec2474444,86895408
42,1,0.14592126958360513,0x7904b040b958c0e1a9183e556ceab843bc084444,86895785
43,0,0.024266338647337665,0x7ff3062a752a4b01cb113cc9d95b0aa0823c4444,86895918
44,1,0.7200270449242753,0x2fbf9d80094308cb72dac512e3b25bb2d35d4444,86896074
45,0,0.05513815393305434,0x14666dc56fddae170580ac39600363d6db9e4444,86896251
46,1,0.5569614344317603,0xc1e835465710dee93a2fa4f9a4b2a7f33a094444,86899284
47,1,0.8861172578691839,0xc6cc7901bb56239c9b26a3ee8358050b548f4444,86900386
48,0,0.037903568669538416,0x1e2b9b1e3b6618df4cc2ce9f1e6ddba3a0774444,86901976
49,0,0.01127123258751389,0x6ff1efdc18299ae80adaff901763e5aa43a04444,86902749
50,1,0.18209558350100125,0x1b3e81142f76d3ea4d6eb6f7b956f8f036d64444,86904020
51,1,0.7371046450828119,0x531cdf3f9c08ec75e29bbd9554f72855db7c4444,86904676
52,0,0.043007388409821413,0x3df1c21e0cbc54826e5285fbe89a83f8f6624444,86904742
53,0,0.11785783852273429,0x42ef971636f0da17165a09d59be0906bb96e4444,86904814
54,0,0.009683795131254048,0x54747c428f0c02d682a4433fcfb5834b044b4444,86904922
55,0,0.7737296933214277,0x08db4b8f9dac59f8da93882391a2de17055d4444,86908889
56,0,0.038090100208133866,0x2b1901fa8502c66cdbb28fe25346ea2f5d2b4444,86910077
57,1,0.7862160611144657,0x11ba3784075bc373018ecb2d3e5d64f25a4b4444,86911548
58,1,0.057425991204137466,0x643cc22e334321a43e6ddb2efe87dd6cd4194444,86911548
59,0,0.42243138089890103,0xddb30a77c4c665f71f456f6bc6863535cd044444,86916006
60,0,0.018426296128981747,0xd73e5f473cd88b596724e15d67334b781dd94444,86917692
61,1,0.0523379740426397,0xd03d2a2007f16bbe47673a5484ac6e8fd52a4444,86919377
62,0,0.577243551379807,0x4efa3d8de690fa5281713da9d37d55628b154444,86920224
63,0,0.012843479902288046,0xbc21b0e0d99c36d7122344eba727f43b35774444,86920284
64,0,0.04210165470962376,0x9528df8ca26e9c3550cf57e482b807405bf44444,86922909
65,0,0.8209820943632307,0x48f721942fd4d78fbb4117e500aaf8cfa04d4444,86927799
66,1,0.44554888298623113,0x525da851216acb39c1ab735e5cde0e30df604444,86927820
67,0,0.21430900439463957,0x03afbd5e81c01a9a6cb8f6856a27c83b20864444,86930445
68,0,0.21727283543949213,0xdc7902e58057213090e692bf0e442e211aaf4444,86930519
69,1,0.07603337832285997,0x32b1fa9d307a19c119ab20219ba409f927334444,86930913
70,0,0.17536334530604855,0x081cbce22439f8ac854396bddc0d8d2d1a8a4444,86931046
71,0,0.10669567376879213,0x01085c4a4b727ba189010f2c24202e275f3d4444,86932808
72,0,0.09411508744315256,0xa445bb64f615fe93ee7692f1bef2962b41814444,86934070
73,1,0.7655741548209252,0x028d8e6e2ce6416c414cd6e2b75c26ccff8b4444,86934530
74,1,0.7502221887296634,0xd1ef74b2bb7543350e84aa9344902504d3874444,86934845
75,0,0.003337921521084238,0xda81634abef757fcdcdd61a205fcbec9fc794444,86935381
76,0,0.2834386905488323,0x63f3647a4d3471c8164e822c203d026223b74444,86935964
77,1,0.021963994815250628,0xd86bdb4d312f83b3bf127734bb2239f0c1de4444,86936131
78,0,0.069080304705691,0xad04d0b8ee8ed8ddf4268655304757ce18424444,86936545
79,0,0.06713394254478953,0xba67b784877ac80947bfb28e4659c0abc0b94444,86938707
80,1,0.11866362344713442,0x169456ecdcc550d1e7060efa2cbd52fb2f524444,86939146
81,0,0.059535959823430754,0x6cf380956667106b3a934e876fcf75d1b5994444,86939546
82,0,0.0011590766291701665,0xf2a7439cbb1975465a4a7773230c50f070c84444,86940676
83,1,0.7254559776171196,0x01f9a1950a9817999bea2ced1848fcbec97f4444,86942549
84,1,0.9684085055229715,0xc419b91415bdc89fac99266407e519dc8cb54444,86944743
85,0,0.015827623793652087,0x944da7539db06da35dade262831496581b7b4444,86950047
86,1,0.7840808393646777,0x23e12d2740141dd5695cfb8427984299df1a4444,86952446
87,1,0.5659866630181974,0xcb47a5da0cbfdbf69e734bdad97afc5629c84444,86956578
88,0,0.1515176111671874,0xbf96c86d0cc36d12d9b9f82aacd26de26d924444,86971234
89,1,0.23787980319363314,0xc0acb21fb438db4575f54264ba43ed21ff234444,86988898
90,0,0.10173599527266884,0x7c6ba4a24d7d204699df8d10fd62ec90eb264444,86988947
91,1,0.004264327859770857,0x02f4ff0b6e4f2aee8af704b074913893520c4444,86995192
92,1,0.6818503383283118,0xb2486050373ead12fd2e73a65d87e9fe0aae4444,87018728
93,0,0.004670674545712302,0x220fc5c7cedf7776d78054413c3cb96926824444,87022021
94,0,0.015737831465799563,0xaaee50acddebd7d4dbc95d516949b673c6014444,87036654
95,0,0.003151611624187116,0x0770c5d0a1e22838c4d3f983744f48e7a94a4444,87037002
96,0,0.13584599673288478,0x173c4288f2bad3da5fa32e89c9f42b83a7a74444,87040565
97,0,0.03945883281430587,0xefc3b57d9c543d0d26c6fc332926b623eb904444,87044510
98,0,0.6476740142107539,0x78bda462cfb09a1b50f05937d47cc1b2c0624444,87045953
99,0,0.014145317401633026,0x9149b48613400bfe6e70202e7ca876d42d614444,87049039
100,0,0.021501896006017276,0x754df47ad17f1c7aa790a6479cd70653d1ae4444,87051176
101,0,0.026873284323767448,0x1786a2c60dbd43dc411567a4417615f27c5e4444,87051197
102,0,0.23408442416023056,0xf43e66e3c8eb28e53f8aebf7f3a2fadd5bfa4444,87051752
103,1,0.44646670398452026,0xbd2b1bdb083eb0369b1376e9d00ac6efb1024444,87052924
104,0,0.2693165685296945,0x88f2022928fc0f491fd50b10b370b464a75a4444,87055060
105,0,0.03959546162689193,0xf5171aeca7940f81739174a6cc57c3e37e604444,87055386
106,0,0.0009077340960397015,0x6afd28b6e86da1be3d8158c5396e556831a14444,87056843
107,0,0.15278857704135482,0x87a899226a19c7230671c955700a524945184444,87057965
108,1,0.2271397958029218,0xc18436cfe3e4d41bb631fc14cdb688b1c73e4444,87058315
109,0,0.17804967222608312,0xf38abb2d8422f22f2a4937d1dbb607e1dbaa4444,87059716
110,0,0.15466604091595496,0x1bfc3fb20d909e1fe640f565dd991681092e4444,87059733
111,0,0.2570962475386362,0xaaf395596b5efc7a64f299fe7712575f060c4444,87060060
112,1,0.15343238986587687,0x4fdbe3ccddaa60f0544a3a7589228bdc1f344444,87060808
113,0,0.0005128703118681331,0x78ba79cd34cdc8ac146ed9bc350d82efa8b84444,87061213
114,1,0.6087827850838254,0xeb78b513a5d72700433d14f1431cef6a8d724444,87062745
115,1,0.2102873294810437,0x943728fdd8d076fd4ddbb1a84eb654209ee74444,87064149
116,0,0.052198561217889496,0x59a5017c9584112d818b2d64b95b921ca47f4444,87064929
117,1,0.14327040857256387,0xe015cd0ef1a2ac8eea28c581be28b4e697734444,87066107
118,0,0.01970821944574435,0x2672b2b2017ec13608dad8c939a2c238597e4444,87066158
119,0,0.036240549976472664,0x33c861502480628e47dffb1d6ff8c1eb528e4444,87066343
120,0,0.00821555152311776,0xe393666b55b36afc94a0b5c8a2bb107dc73a4444,87067442
121,1,0.012727162326128466,0xc62a60cd89f90ad6e79a0892d52eb86628654444,87067579
122,0,0.006822849741375411,0x88db21960359a62ecaa1a793e2cabaad325b4444,87068445
123,1,0.017398770997342983,0xf75a02428c08c081a29e5f24feda43995fcd4444,87068989
124,0,0.007251299728786469,0x5c675c42e694a8f6b74c2b618f7b857b9b014444,87072776
125,0,0.0010763724128229376,0xa4cb219e832ebb27e560cd91d6740005b3244444,87075393
126,1,0.2758445061885343,0xf6083b39082975c48df43ce420278c6989454444,87075458
127,0,0.012752019064959574,0x4f270dc931951f99ab5fd7fbb1007eec16df4444,87078674
128,0,0.04663698363602994,0xee2223c7e544af06a8880578d32c06653c5b4444,87081112
129,0,0.0018071731530980586,0x660cbf0d7348e37f0c429e478ac8404405484444,87081922
130,0,0.052745460406079775,0x315dd55529f337231bd4e9cf1e1d916b26d74444,87082142
131,1,0.46134296040643225,0xc20e3beccaab69e5c3cf499379aa980a60e04444,87082235
132,1,0.5948698757838218,0xd0e6fb71b01f5e095670bd851851127c71154444,87082302
133,0,0.9400857052494499,0x6b6f9ef892cb723dd578dc9f2a6c037776e54444,87082582
134,0,0.29460483837025814,0x3feacf7735bdad06f1529d7a4a2571829d0c4444,87082611
135,0,0.29662166907151305,0xa7013aef88f275687e5ff6e3705ad59efb434444,87082810
136,1,0.26981935834232434,0xc5f1f5b18ab15f4a2581ea30831efa6eb7dd4444,87084361
137,0,0.007521416618523779,0x695c2fc97ad1149268df0e92354737ddefd84444,87084397
138,1,0.04952836873356223,0xb2c74f8d55c7760f261050db4781cd7e9d4e4444,87085393
139,0,0.24699446406399658,0x008c17d1abe241b988d61e34402b8efe1dc54444,87085416
140,0,0.1458096273765631,0x31825d93c2a30d29bc7889a385eb4bb8f4334444,87085763
141,1,0.11343968034857338,0x59b57d26ccedaf70c61ad3d7b1794e6b773d4444,87086168
142,0,0.005705144592557262,0x5f464b9482ba19038ed7803bc715e644e17d4444,87086778
143,1,0.9893257123368379,0x6fc2d75117b9e52ac5abe9a4d759622f490f4444,87088905
144,0,0.7776689877445758,0x3f67c99cd9905302a19dd0b2a08a05cc38f34444,87089000
145,0,0.003335966719465961,0x4c889eb189cff984898709eaeca65349e8864444,87090502
146,0,0.8488606527148588,0x6b3aab28f0a253a0bac739527a42730197724444,87094927
147,0,0.03699292328878352,0x97ee19524e45de4b5c193a37077eadbbcd8c4444,87098787
148,1,0.4275654833556221,0x23584592c71205d1f87db407673b91fb0c574444,87099293
149,0,0.01969418617442237,0x0f919ea888761fb6ae5cc1de4f0a87cc32fe4444,87099327
150,0,0.06529352696979075,0x689c89cc524f6102e29060b68a5f2cf7ddc74444,87099406
151,0,0.2746580429836059,0x98314ed46d91176107c3ee9d717516b5558a4444,87102773
152,1,0.19328847198501006,0xb0de1c308d11a0d4f3628ec8589595359af94444,87102775
153,0,0.51851664698806,0x3cc978e0238abc28791eda131f88d45c1f004444,87112550
154,0,0.0040544150000098094,0x9a472678f29291ab684e54a548ede3faac984444,87113741
155,0,0.006619644104629091,0xb6f82aa08e51136492cff417c3612791d34a4444,87114888
156,0,0.4580568576617943,0xad1f5d3dd046b82bd52aa33b5e695f9e12574444,87117627
157,1,0.04116060547219763,0xbd2d3edcae5ed7b03871c02903c96883a15a4444,87118546
158,0,0.04802253607194034,0x83f5f2d07ff721eee6ade2551bfeddfbfe944444,87118845
159,0,0.007233109486195046,0x27eab2fdc55fb0a21193dbbd0dc4614224024444,87123353
160,1,0.8066286490490057,0x4359824afbbfaba62c3621987c57eaa9874c4444,87126174
161,1,0.9876381581643434,0x0065bcf0047d54538bc9cc2d4d974c3730a34444,87126979
162,0,0.011869664878024034,0x550460190817df0701c1e8948852cddae1844444,87127296
163,0,0.6985740748403756,0x4d548dbea6c0b68d55bdc8153910a54b02134444,87130257
164,0,0.014296064941734674,0xbe5293c347ff6ed731314516b960bff2dd1f4444,87142074
165,0,0.27998678789028714,0x82fabd08089f7553d590345accd96b5e9b734444,87146540
166,1,0.7231599123915384,0xed397f4db8d7959409dec0f0a41b071efab14444,87146673
167,1,0.9668827959600013,0xd22ee26f0246c65c1f5dd2e7066356f5d4524444,87176561
168,0,0.15268088574438252,0x82f55f44847d6f833eacac14c7f4595fe88b4444,87207398
169,0,0.5410667882139449,0xfecb0d1585223d3a7812913eb882862d47b44444,87211252
170,0,0.43645814651418874,0xa24a9e9702f02dcedc658a49f4527fa4160a4444,87211999
171,1,0.9664902415451249,0x900ae9e048d9b0bdab2d4cf947c7c246a0824444,87214653
172,0,0.1300782349854941,0x480b2463a06139a63505fb18d49d52f3e7604444,87216791
173,0,0.21842717389342894,0x441c1c995aa66100ff68c26f011a44f0c8fc4444,87220629
174,1,0.11222633111089154,0x36547bc96a01e37fb6d362d9a6808c0ce6414444,87221664
175,0,0.794722117374484,0xeaa22ec303a8b6ef06b7cadd2f37a4825b804444,87224164
176,0,0.20290058571159014,0xf353f50070a126aa851555b942852436a0af4444,87227029
177,0,0.7425829723128902,0x805e907506498ce8f9e123fdd34bcf957b324444,87228583
178,0,0.011032591612780269,0x4821e7002ad938bc4dad171cc664e1dfd1c54444,87228740
179,0,0.9359763449599146,0x9786d01022bf36bc2865fe417002087d5b254444,87230996
180,0,0.010811108404993584,0x75191bee9d74196418491c2a8b6f3753de914444,87231587
181,0,0.024569868985447572,0x59708511460cea9193c18b8daa6fee8cc5304444,87232083
182,0,0.22687556468602812,0xff73d587635442758edbda8b23eadc48796b4444,87232932
183,1,0.012530902533963122,0x5f8bf07186083c949ab84c6f2afe1c62fe154444,87232989
184,0,0.18469477076965415,0x35029b60a953d8548b2ac749766533fe54974444,87233160
185,1,0.6400479275352227,0x737de75465dd64ba5a5f89c222817281bb664444,87234752
186,0,0.14838502163893721,0x9bd9ed8c12cf9e670b9baa6e18aa2a78102c4444,87235357
187,0,0.25435464518961054,0x45ab5cbd03bc0bf6621a81106886cf76aa694444,87235470
188,0,0.4608277097805252,0x654ab3af076bf3e787b4af0647c0592b71604444,87237879
189,0,0.7990156735005284,0x7db95fc804efeac41d5fb2be920b667f06394444,87241257
190,0,0.9100250567454302,0xa2ab04a2ca3680b81ea3fa89b38029fa9ab64444,87243354
191,0,0.0020735818810875425,0xed307e9bfaa48567d7b64e491250bf19f0214444,87243579
192,0,0.13540388849899263,0xedf7ecc568388f53d119767781e7348a9bc94444,87243779
193,0,0.49428637937451286,0xf36f878c7e95f73a067dd6c77ccb5c3f15224444,87247144
194,0,0.050564560145407215,0x2d1256a88d32e58547b591e13667a0d3df764444,87247698
195,0,0.28814958765059223,0x6ef2183e3a6095cf8407035b35c9cff940874444,87250250
196,0,0.467579018981008,0x726c7f7f0d878ad975b70788ecd0807ad95e4444,87250370
197,0,0.5010860108132004,0x906c6bd8dffff0a175fd613e7450f04426064444,87251007
198,0,0.4002571774704997,0x43e85b9e34e259a3ad1fff5fa17db4683bf04444,87252345
199,0,0.05178093549969723,0xf21920974df3020fc5ae2147a7e0ea87ffb64444,87252851
200,1,0.12418055721793413,0x3e8ff9e1add312b67eef4f0c1485b36dec9e4444,87252948
201,0,0.2892489145261992,0xce4f9ff2a20b53e86fb15967ee0d5ef86d584444,87253262
202,0,0.05818404845134106,0x871e91976998eca6eefd58e691983c5cfced4444,87253450
203,0,0.06579598193327028,0xc63322ec4ef3a7264ab6bd1fefe225fd7a744444,87254025
204,0,0.00044650886328510164,0x64e65707b7be9fcd11878464b33d274763d74444,87254543
205,0,0.012609096085892989,0x71d98903c82672da824dc3322e15de05830b4444,87255964
206,0,0.06250987334240375,0xe50dd444c9ceeaf80c27ab1f1194ae7ad8e74444,87258111
207,0,0.2528306703661801,0x19a30ea806d9ee4859a4f6d42c9f83d6fd9b4444,87259728
208,0,0.04657082901129163,0x42f18d9e23cdb9c8001176deb50ff210ff4e4444,87260108
209,0,0.23293794703847387,0xd034093f6c012970ffd9291efec48b35ffd94444,87260631
210,1,0.7746625171337814,0x45f1c3c8264c6c32d5defa4df1027febb3044444,87262284
211,1,0.4638449445321412,0x8421b5527128994a3dd5c8e92e9a7f52f8274444,87263494
212,0,0.0167510006117295,0x81a340c453f4f8657e95e31f0be71001db884444,87266798
213,1,0.04712050524064987,0x2bc0a1eaec2f0e972418ced7427d7e8451f64444,87267206
214,1,0.8347521644042804,0x47bb43b88744d6fadd1b049e1ffbd300b3c34444,87267301
215,0,0.30356758777029197,0xec06e1fa6c51e17276951b6a58c3c0eed1d54444,87267634
216,0,0.6706090526770212,0x2aa1ea33f9741d83703f3b615be7455fdbd34444,87268451
217,0,0.3738058926665381,0xbe572261063a0f74ee83f87c3b5e9c52ee274444,87269782
218,0,0.23600926018408822,0x921511a3ddab65a6de36e36cd36a759ef2f94444,87269945
219,0,0.271117056530324,0xc9d8f326b1b83faf1d72090d2faf6532fb4f4444,87271846
220,0,0.05846850122928398,0x24b169feb1fdd3defc6f492be619eebb96f64444,87282450
221,1,0.5374946207993072,0xdd9540c67bdd9dfafee40febc66de8364dcf4444,87284797
222,0,0.001813413778023278,0x628d59bcc81af93d62d755d6eddaf7eacee24444,87287504
223,0,0.14811127559550424,0xf71e2cf89224ef0df19ae01538d96e5094754444,87287561
224,0,0.0008784239575198253,0xca3bccf3ca246698683d5ec41e67459d8a214444,87288262
225,0,0.05173850083036992,0x40da7a8cd4da4ec6f0cc84c2fd5f0eb82c9f4444,87288305
226,0,0.07509943101388052,0x80e657f0b36dbff5b78e17fe31d4b8894ac94444,87288400
227,0,0.9031487794363388,0xe8f4100069a9f61393b393de57339725307c4444,87288667
228,0,0.07831272168401747,0xbf4e54ce08831cc24280370bc3481205b4214444,87292889
229,0,0.8270204868356372,0x5f9a1c778a3fee0b7f67881540f10795fb784444,87294636
230,1,0.3959725290297784,0xb7d917f32a4382986f3d5dfa895be6c682614444,87295698
231,1,0.9889576641027037,0x9e6afeecb3cd1781dfdb61eced0cbba12f104444,87295774
232,1,0.4065042256706336,0x3ea8a58f074a9f3b6c363f7dfcce9e0784514444,87295878
233,0,0.8678995458825206,0x5315b559b1760333e1b00e7dfbffd474a1a74444,87303994
234,1,0.8456232292126659,0xdbd9a3efbb495e754572a9c459eeec12c66e4444,87305578
235,1,0.28551655423143685,0x3cb7e47a7460fe3046940706daf56b39c36c4444,87305818
236,0,0.22780742522790706,0xc270ef42fb3f18dd79dc1ad1dbbffcdf51fb4444,87306465
237,1,0.9424631393928559,0xb75447987060a0ba6364939096544e0b8bfa4444,87307014
238,0,0.09656086161999171,0x9afd2bc7c65746021b15d81a50a6eb2ed0554444,87308825
239,1,0.24755409601148204,0xa7156561b753c9a486a23d440dc2da2fc1184444,87308913
240,0,0.002385297977725993,0xa9972d3a768ab616ee08060feb9749c733644444,87308981
241,0,0.0128578397287419,0x500f3a1aee56643faab66189882f287dc78a4444,87313329
242,0,0.08033925016066054,0x37df81b9b006e23e734e9cef401a375257f94444,87313964
243,0,0.7180731297158119,0x81208b6f88e438b1467d56d3f2a7f231bad44444,87314996
244,0,0.20715622856430085,0x6768425dccbc9bc7bf92528db35e70f93d6a4444,87317501
245,0,0.11504196081564065,0x7cc897c8d8a056fbf798f37295d9f8bae5d94444,87322909
246,0,0.21839133444221437,0x0520a55978b1a8f737cc44ad08c658228eb14444,87322982
247,0,0.008648057070010862,0x1ed3ee4d4fbe40b7b359cf7faed8029c452a4444,87324641
248,0,0.004993578477423094,0x38cc841e4bb7d69bbdd39e5f8410915f747b4444,87335658
249,1,0.45571535762809445,0xdc761dc9f1185e6f532d7614f898c154fe254444,87339434
250,0,0.4685711177625298,0xbbbb8627429582ed92498ec960791c3f3feb4444,87341235
251,0,0.12884342877416066,0x26b61bb620d0cb8191d7deda9e7502a5b47c4444,87366044
252,0,0.004352685811512516,0x34a53a2b0f561668a83e6c02b612f1a8145c4444,87386921
253,0,0.4594257224306565,0xf14640ba00d40f638624833e223d7e6858a84444,87394818
254,0,0.00613849035321249,0x262e16498a4455f525cb15959a36d50ff5604444,87400148
255,1,0.13017693735801916,0xedd4f7238c6a26ef99822290c6512ae2c80d4444,87407624
256,0,0.011229653221543703,0xbc9c2d2d54db4a9e38782152fba8ab8510724444,87418043
257,1,0.016092060582478983,0x7fdd3c020309c62c28829caccc5540d353d24444,87421511
258,1,0.2358596095631465,0xb96635bf7783199f612cc862f14a88fc81164444,87422181
259,0,0.7985672804357499,0x904b0a08a516f7af054915bf0fa22c868a814444,87422269
260,1,0.9234784014918125,0x677a69b6d69dcad6fc7e534b7036f6ce6b724444,87422277
261,0,0.002136055046921233,0x55164e8110eecc9f1b38d68da6670398d4134444,87422304
262,0,0.008059150640964456,0xf13019070cb7cba5027e7b1f1bd55bed1f744444,87422459
263,0,0.17194615143680922,0x2d636d4dd15bcb447e664b6ca52aa79dccd14444,87422906
264,0,0.9506445034515179,0xa81a482a9ddc6fe7f5725eb897cccdfddcef4444,87424054
265,1,0.9770767215933357,0x595ec8375cfa3b7759d9421648fec65f76b34444,87425189
266,0,0.03800363330645821,0x70dca84b342f2f104f2395c669e7562d77fe4444,87426216
267,1,0.3033866698255672,0x3cabdce735b9bcbf8cd5d9347c928b5580ed4444,87426824
268,0,0.12373353215926493,0x54bf2343fd5fde7a4fb05b51312825aed6bb4444,87428096
269,0,0.40334007747336226,0x2115ecd4386a6897884282d837acd8730c894444,87431076
270,0,0.16960736521531028,0x2e2c15a5b16012d89e3cdcaa5f4e6c8d8f2a4444,87432770
271,0,0.8569073294179529,0x5c91ec06fe8231988623e89c757e3387fd0d4444,87434988
272,0,0.010516111403619827,0x837d7762693dd094536ea993fb907fa61ab84444,87436031
273,0,0.2839571737743133,0x9e543e555253a524e7bede9eeec8c99881e84444,87437740
274,0,0.20735462730833398,0x6958ba84a8212089e819fcddd6f118d794494444,87438497
275,0,0.5404996839072225,0xf69187262750bbc7e821a7f865c909d80a444444,87439889
276,0,0.002239391327068692,0x38e2e9f7ab3976e7209a1c7a0ef7f0d63c8d4444,87441823
277,0,0.005730379022053278,0xd5cbb92d69a3643bd23d181b9a5ff2ed45c04444,87444396
278,0,0.0005928575629984463,0x7956ded8dc4ff011fd68c07b70db018136c04444,87445120
279,0,0.6967846518558222,0xa7873a861dd4e1fd254bd7efcc82e5def8994444,87447851
280,1,0.20157041846282323,0xa52a4848dc340d48bf840c73ce1f52d772694444,87448976
281,0,0.0008219153227413354,0x6667634258024f6bfd555df31ad19fdfef214444,87449129
282,0,0.3096156895867948,0xa21ba97c8191df90e4d8e21fa081f804f01c4444,87449617
283,0,0.0033261269433890435,0xa2c1bcbefdba529724e52f2f99f121a646d04444,87450208
284,1,0.09225534899214011,0x38acafedf83d4bc9057230a96a9396ba668a4444,87450594
285,0,0.33716388479071435,0xff428368795d998791c6286d9549f89ffb5c4444,87450630
286,0,0.0026658298925956703,0x69cc0f522c8ba56810f0f30ae8be7adb1f864444,87451094
287,1,0.07207248537936678,0x4d474a97253dc229e3fff2dc058ed4c2dfad4444,87453743
288,0,0.18399589918835374,0xb80fb9f08289dd5bc71d6e429834fffc0d0b4444,87453907
289,0,0.17990392578384742,0x9e477ef0b5bd1dfe29f65bfd0ac1903aaaee4444,87453931
290,0,0.04125798835216044,0x52555f9fdc692a36394e85272b57059dac094444,87455889
291,0,0.11266145097355026,0x73dec17fc423807cba6df6db5581b66ec8ee4444,87455961
292,0,0.2157708348437258,0x87685cf5ad05114684e656be7da4f8b02e654444,87456704
293,1,0.8293334317063717,0xe117c0d405778f7416ebb3a2c389f215f44a4444,87461003
294,0,0.06439431547793403,0xca4fdc5f7313a2f68b6833b89828ea3a18214444,87464117
295,0,0.3154259011366478,0xfb8357eea11bf241ddbe92903932e38f20df4444,87466734
296,0,0.004767278879253333,0xd5372bf925262866b8606aaaf529dd0dad9f4444,87469437
297,0,0.005524972689412519,0x70f82310b49f354026f84cf8ae66e67531814444,87477801
298,0,0.003878714111671713,0x476a812c67e926a3101f9dca1145b47761e34444,87478135
299,0,0.3852603753219454,0xe50e7bf474dfd82fef52579405e8af70e1674444,87479805
300,0,0.005154405860485635,0xd511c790f3b225d9d46a655b1c7b6819c62d4444,87483243
301,0,0.00315327775038509,0x9a9b3e64ae4ab67a81e27017726b59cecab24444,87501738
302,1,0.19454485724737627,0xd42e0ba02a0a2c1ad79eb491eb350044d44f4444,87506442
303,0,0.132124372975214,0x97cc46c3a14310f772d071e4231872ba1faf4444,87506600
304,0,0.23008134559204646,0xbe6275420305d07c807c21da6ec481a48fa24444,87507562
305,0,0.056449365263634976,0xd569f80fbc53494708875f498b4f5f7c87614444,87507851
306,0,0.12861509140887487,0xff473bfcde44e821cb12cd26e70fb56f410e4444,87508097
307,0,0.13157714852517347,0x72ebb4f5d02b20fd47681ec0e524b4ad68294444,87509921
308,1,0.8972284037410702,0x1d4a9133169051d5c7a08a35a4794cb977f54444,87515313
309,0,0.27111643468138097,0x550f3326236256cf9d0e603a78ee7fb4a99f4444,87515315
310,1,0.2313177913193501,0x7fc2256e934ee2e57a82a4ba07c39bcccb0e4444,87515499
311,0,0.015197465607892008,0x07eb7569ae50b375c0241f712abec7e541704444,87515970
312,1,0.39318467510563165,0x7fb6dafea724e44125d9f8c55a82b9d4e7774444,87517892
313,1,0.9336624938294777,0xe168a742269a27664e284ee5f31067717e654444,87519176
314,0,0.24723321044791208,0xf41121ae793ab6fe262f178d178227649dee4444,87519302
315,1,0.8092176564139253,0xcd5316af3b97c22cc3faf51f240b7d27c9a54444,87519877
316,0,0.03910222398419599,0x0654a25e5fa6118068e58df07a738e4cdf5e4444,87553101
317,0,0.2066792860599191,0xcdce5c436c77fb5bf085a0157528d892e5d64444,87600357
318,1,0.9704208743514356,0x1bb92d49034d58258800198d686a109228b74444,87608384
319,1,0.8106525288319135,0x67175ea4ccdf8755b73cd4e5db4d5c13729e4444,87608602
320,0,0.6317877163393125,0xa3c4b8ba4624d9fe96442b21f5bb50efb3dd4444,87611764
321,0,0.002037735260526834,0x3da4dde5f6fb5375675f65234999e582f27e4444,87617718
322,0,0.10113789989602669,0xa555767351c06364f41629145836bb36696c4444,87620607
323,0,0.04512849751368784,0x1ccf6eab6dc0f8b63cd6777a3769e3c9129c4444,87621177
324,1,0.7958473173085356,0xb35c91e3439497fc84167bf6a3d9bf1004914444,87622403
325,0,0.020310791855083877,0xd015f8ae31c76f4ac12b2ff30c49fb0af6bf4444,87623835
326,0,0.044005128620392964,0x39da33948e4cc896c6802c520bf2351560ef4444,87628048
327,1,0.9410539296161669,0xfe52041ed6de019e1d68012a50894acace8d4444,87628075
328,0,0.009321621616499413,0xe564508ff7d59fb846d7c32b5ba1910b06e14444,87633751
329,0,0.007613824750640224,0x8832767e45557a3c3b2a385cc0c0c4ad84e54444,87635298
330,0,0.007571244445848394,0x5a5ba3c483eedc1c8ab2d0c7ce9376de07674444,87639887
331,1,0.9691978128827263,0x05b6ffcdc87d9fa97c76f82834151697290e4444,87643477
332,0,0.873229951816351,0x46b635313f0ff438fea261809d141111be794444,87643812
333,1,0.012906456209363454,0x0156bec33d30dc42860a702586ee5e244d9f4444,87644526
334,0,0.009641597401949559,0xfeff51dde8c3b33e78d42fc4fe11fa54244d4444,87645072
335,0,0.1347613958881458,0x43cfa52294e0815d7d58ffe5d927b86001104444,87645534
336,0,0.11336433669230297,0x14142c5de9f5b60eb086cfd648f41949a72b4444,87651536
337,0,0.001605988281222238,0x91b139a9c5e169685fd439fa6d0e1f028aaa4444,87655658
338,0,0.5611478384663,0x2f3db46b8db863f791acd77e35ebb3d0288c4444,87659182
339,1,0.9335951692648295,0x41197faffccd70435876583aa98ef8f3fc624444,87659801
340,0,0.0021222367793568044,0x31046988857871473dba37f53dd78c9fe4f14444,87659851
341,0,0.26224016394378147,0x2c8af8345190d79976cfaeee157335e6b7164444,87660430
342,0,0.0163134933184702,0x027d9f4660fca8cf9ca1861b3238acaf96964444,87662875
343,0,0.0029618749720002765,0x77e6bc3849c43cc7d7e2bad9ad4bbb36ef154444,87663648
344,0,0.0925197941093001,0xc85d67cc0dab53df1dd52e5209d8fcbae9a14444,87669960
345,0,0.008410880210979124,0x7dfafa42394e439dbf161779a826d75d765c4444,87682744
346,0,0.45308557803562827,0xfce604e6e30e81a16f8343bce5f1cf4d1ff54444,87691046
347,0,0.10930812162303784,0x5e9ed01fca3a631c7529c1a1cca8c370dab64444,87691096
348,0,0.03572966886417757,0x99c2255c97b60f6d80cd91dd549ebb06823a4444,87691245
349,0,0.024249109475419608,0xf5b86cf97af90890393468005d0943e41bdc4444,87692429
350,0,0.08341145382125682,0xce04066b4562c4f87c9a1687fe6075e0224b4444,87700115
351,0,0.5605928843650545,0x12ee68d03e65e8e6a3dcbf0095ff3c959cc54444,87701471
352,1,0.9060613883067467,0x5ab8926352afeda6d8315bb8f5f3f22797df4444,87702705
353,0,0.3106805749313061,0xe638eb607c7558ecc928e5ae499034a4bbdf4444,87702891
354,1,0.49927559220771145,0x09212d2fd7c7cbad7306c3f2b69ee73781ff4444,87709996
355,1,0.10984395494653454,0xa4f3ce196bc3bd87ee91ec6c6061878b859a4444,87710842
356,0,0.923128369584514,0x48c6e5ff375b277b33053bba69aa5ab092f74444,87712589
357,1,0.19299225881110002,0x39c4419ec294a6abf771c84449ae4d7605584444,87714238
358,0,0.009502305002067208,0x04a2ec9e1fd0e41cff9642e4c9438306b1ff4444,87716130
359,0,0.7762200128968606,0x30ad17479dc24e583a338a4be1a667d18ff24444,87717339
360,0,0.019436403233744418,0x17f2fdb2ba92723a1d6665109d96ea9a22984444,87717381
361,0,0.2427139246953363,0x99d10423222b16db3162c05eaf9f3562e4154444,87719760
362,1,0.8876289430110834,0x46f2eb895a017a1e75ac3ab14f87fe5886334444,87719975
363,0,0.1707490570333548,0x175c35d5e5d66a3222bf791b9761c72ca6d44444,87723855
364,1,0.2402686366820417,0x55a343ee1ce56f089703bf99900a5f69f36e4444,87747923
365,0,0.11289045549429688,0xf89113dbfeb3f38a9ccb01a95779031b4ac14444,87774782
366,1,0.2936335778418204,0xff84c6e8fa7f4995de70415aea61af5131f14444,87804785
367,1,0.015002103319195199,0x894b96819a4244dc2abbd93fbca5038162944444,87805896
368,0,0.0016183646362249737,0x8628dfddffdac2e4f070a525c898cbdb7f3e4444,87809378
369,0,0.06926078862362446,0x3d7fd137dfd51366eccd4f1be535436633864444,87812065
370,0,0.0059208963705248705,0xd5297cac4acb90170e36a351db096dae77264444,87814133
371,0,0.008073527813427251,0x11dd55f583b7d56d1538e09ea5ae63bc86f44444,87814723
372,1,0.9158875943212414,0xcb7411a5e46742c7c9940ca0271dbafa4aec4444,87815378
373,1,0.531826445928368,0xf88fb55d9f82a5f78233802dd6a1114be7aa4444,87834042
374,1,0.09296105256368914,0x80b38f58856ae1b051536a5f37382aed8bde4444,87835493
375,0,0.2912801390208474,0x1d4fc89d5686190f4bdc335e9e29d023e3d04444,87841576
376,0,0.15982309967137967,0x6fb03ab4fe0e579e097900a2ff5ecbc041464444,87844575
377,1,0.2284624641035384,0xc7b118ab2905693a9aebfd7c21e9a97f508b4444,87845086
378,0,0.01616358291643521,0x1285ed6dcacc63fcfcbab5abe341fd2ded4c4444,87849000
379,0,0.13551891120789486,0x9d7b5c6df5fedcf1c749ef09a2e0bb7baa224444,87859626
380,1,0.005975265639831643,0x1b486d8060e4adefdab130ee6fc0a3080a5c4444,87859836
381,0,0.02581087862505513,0x5327327efd968bc5ff76a79cb93bdd7ecd2f4444,87862149
382,0,0.018359351529487176,0x769ad1e5f9efa26ed064325ab0dcd3d6f2e94444,87862777
383,0,0.0904850838785784,0x39e5074b51c255c39fd83f8bbe34fdf8c46b4444,87863280
384,0,0.18198541347447858,0xf506aad431b3832d3465d5cfc8a9a0da26b74444,87866913
385,1,0.691852102490217,0x4a7c9940fbe33749254a8e2db775363690ed4444,87866937
386,1,0.7516525972623003,0x7eedad4ef642287c1c432af288f7777b09314444,87872659
387,0,0.023785631244606274,0x3fa6e743c8f261a010e2a7f5673288edb77e4444,87878743
388,1,0.4097070605807629,0x55704174728fafc2073e1d62a87775c8b8ca4444,87879766
389,0,0.411523755869751,0x028d750a3288b070ad7a0dfa0a16a6d68c7e4444,87881384
390,0,0.17005080969623015,0xe1cd79f4cf72b0e97d77bada0131e0f02a6d4444,87883473
391,0,0.344386106382924,0x702b528d4a335ae67fcec943025628e7a2ce4444,87895532
392,1,0.7687448610082223,0xa692b605a3304f5aa9cf3d479155c0e00bd34444,87896552
393,1,0.9467368712367615,0x4b5350eff1e0d9ab42d6fb3cf70068d02cbd4444,87896590
394,0,0.11540609047841065,0x0f2b5d1fcfcb0836cdbd3a971c3019451a794444,87897161
395,0,0.003797733898502399,0xc4918a90ee9552230f2b9dd7f40a3d7043294444,87901998
396,0,0.029101554411340907,0x3b814444057d7e35f4940d3ff96431b460924444,87902516
397,0,0.0041040955614692854,0xf13f8aff4c39996d1904e3483446952609844444,87903543
398,0,0.0077862948655362816,0xd0116f4e68d5b54938669ce8a062e3614cd44444,87903548
399,0,0.48110166302822316,0xb03753d5bfc5d748cd0d510b857a972bc5074444,87903606
400,0,0.07051682903729453,0xd6275b350778f3f973f214fd38873673becf4444,87904990
401,1,0.900140003227224,0x82db9a031b9c674cdb1d148419980add12ed4444,87912069
402,0,0.05129055837867878,0x4b41b2c0a7976d84500b7a4de847e356a9cf4444,87978683
403,0,0.08962758480745014,0x412530e49ee1b1f64124064b2e732e92c1314444,87986905
404,0,0.29102893941685587,0xee1de5e878575c10e9e3f74f52c5e3e8f3954444,87987207
405,1,0.020537986099370468,0x722813818049f85d15b2e10cfed98fca71704444,87992984
406,0,0.004183962328461255,0xa5a66af2d7779ecdadccfe6b800b2453980d4444,87993007
407,0,0.009468047533451224,0x143572513f8cdc74d6fc5044d442745768814444,87995122
408,0,0.22434235846895723,0xc42b25c67f9d4d7387d8453310ba91c055844444,87997565
409,0,0.161150327349927,0x7cd52e2a382abce7084e4ad2a75867d7d66e4444,87998155
410,0,0.003796167583433674,0x4b7443dc110fa8246461eff2dbaae0a7ff8e4444,87999578
411,1,0.7454809197859531,0x22bf50a61fbe17541804569a31a3036d80444444,88001529
412,0,0.19400494016102085,0x9ef287919a8a4e5d724bc361610f70c212034444,88010613
413,1,0.15921845257825404,0x5bf20b2fda72c7d94cafa6d925bf54c732934444,88010622
414,0,0.010220814336426895,0xcbc9627b9948a514f625d67eebd7a9970c934444,88019518
415,0,0.17313765634844505,0xf809ae62f844ee18ecdee717c2d063dfaaaf4444,88022287
416,1,0.1299443701696976,0x0e21e9555d415a551fb12aecb356160221294444,88025493
417,0,0.09867989743166987,0xa9624d01ef7741e075b6b7c46d029d833b9e4444,88025566
418,0,0.18009822341013548,0x8a3c15a6e7ff6b74fc36fc710c41e99ee7744444,88026599
419,1,0.7662906387842835,0xffb1ae11d05d5d03e0a6564af5ecd4048fa04444,88032685
420,0,0.003535740130719746,0xef9803137dda98dcc6eabf5fc09a0931be234444,88034576
421,0,0.3590132956930949,0x08012a0c4c89099ae6ab19b81d4e1982fad64444,88041605
422,1,0.881170547593225,0xbb1e302ee8558d60dd06caf6c5495946d1754444,88041630
423,0,0.014634945888374213,0xe110cd12c0de04bf6b6179abaacf4748b6f44444,88048345
424,1,0.8402037294898924,0xd61323fda33f7d612ebf9416f8646c28cfc84444,88069569
425,1,0.7659420468866577,0xf9285bf1d50a6b1df210aa9e80f003d162344444,88074250
426,1,0.9705865312964918,0xec053273952b23b629ccd9cabe23ccdb6e884444,88075678
427,0,0.08239730922370463,0xf674a99b3f6a37053af7d4f01bf33b3176554444,88076070
428,0,0.012655840632723977,0x0812b6db32f579b5174d4296f64da7f284be4444,88079005
429,0,0.01703927775400105,0xd542d23d20900ebf1a7a32e97a53c4d5df234444,88083570
430,0,0.41784108687011484,0x209f22bdeb3e0d9582eca0086c285bb8b1e34444,88085365
431,0,0.008636139898890668,0x511ffab5aa0f8f781db19f5362101ea691b64444,88091477
432,0,0.51778738724407,0xc6974e88af4590804c075ff5071da1820adc4444,88093615
433,0,0.7098021953072113,0x30d1b2919cf2178d1a5d8c370a104e31e8ca4444,88093864
434,0,0.5937838804770067,0xc0f7b30e06ebeca891d12f447fbbb95fb1454444,88094212
435,0,0.5053851577680378,0x358965954ec64abcdd07f35e4f4670c89eb74444,88094397
436,0,0.43638808902407694,0x2ec8a911ac9fb4c6303e3069cd6f8a9a06224444,88095241
437,0,0.009410342490069926,0x3654b8ebd9e66dc41f41dbb043885cbd35d14444,88095772
438,0,0.196266726819597,0xa212caa28f20b2220a52dd9f1fa0b97e6b8b4444,88096323
439,1,0.9827190479804256,0xaf507947f99772f20aa614c828f5d15b36384444,88097584
440,1,0.7095214707256985,0x5d8c7d6d8fed8e9aa0f5cc8ec68083ab15c44444,88098224
441,0,0.06344127214925947,0x7360771cd0b0050ccc067113ea248f550a654444,88099615
442,0,0.01844615757367594,0x11d25a9a51203236f5cf234398ff16a22a7a4444,88101450
443,0,0.2170611760669512,0xad09677fd0e11b11c1b485a3db494e2a625e4444,88101464
444,0,0.004329795283993306,0x5f01eb0ff1db8e398568919c4c47bec628414444,88101498
445,0,0.8952665296878068,0x349db459e4cf684df89d867f70486fed74f04444,88101987
446,0,0.1853989710860818,0xf2f121391ba9c5ebc8a93cdabe0cb00b60ae4444,88102003
447,0,0.035030262791703015,0xcff990e01374c1c3ad76fe89c19b0c17d1cd4444,88119498
448,0,0.04109122764714181,0xf3e48cf9bc290fe9d3fd610efbe8798848ae4444,88146197
449,0,0.01307647939053946,0xd3c7842b20bc3481db6f30645b2c94749c2e4444,88171730
450,0,0.27939560383001594,0xeb26680236e94793412271717623b82e4a194444,88174383
451,0,0.7081585297469012,0xded859f063d4d71efe5ebebc29343bc3cc984444,88185410
452,0,0.00764005694002267,0x8fb992f1ac662dcd11555e01b8ab01708ea14444,88188151
453,1,0.3979012114028799,0xaed600a5a1a17e6a900188b70c500b3ee7044444,88191184
454,0,0.002609362916569838,0x21cecb1be462bed58a9760106b56c3f60ef34444,88194470
455,0,0.41884472195982947,0x70f18f660cddce841e93d078904279e155c04444,88197921
456,0,0.06569853815454936,0x91b5990b359292c618eb53390b13190697444444,88201375
457,0,0.10597995122938773,0xf8432bbe206bc7df09052d1b8c46508bc95c4444,88201452
458,0,0.0636211261961012,0x5b8f3bfa9746d05361f2d6f5b11b9ef060dc4444,88202268
459,0,0.16398057415726905,0x5e84286d871b4169b75a90cbc90b7b3d98554444,88204718
460,0,0.0021827679270345944,0x3489fadf64fc7b47f547603f3c1a974b87644444,88204985
461,0,0.779289756266643,0x7a5c4c1a53bcffb5f7239548a8ee51bd6f7f4444,88205036
462,1,0.003043479210977864,0x0895e4e0429b1fb687c649c3d04bc9c4a72a4444,88205294
463,0,0.07616884266334155,0xe4437fd9f61bd09a4095cd7b58a04a6555a74444,88205392
464,0,0.35275241632254345,0x1d1ed5c3b613ecb90d3523dec0ab783b06684444,88206993
465,1,0.9298638501786729,0x905424717c888bf4d0edbcad27ff5f7bc7b44444,88213737
466,0,0.15647416198455844,0x0bba9ba6662c2fa3685711c682c62d4290674444,88217673
467,1,0.1464425205435291,0xc4183c5e690ff53daeb3c4d11907a144ce8d4444,88220570
468,0,0.7924554695659028,0x0c09d20bc943d318cbf2893a20a784dd22924444,88221208
469,0,0.7786084682346335,0x245c3bd87ad113cbc6c4bb6069177381fdf34444,88221241
470,1,0.9562944717731191,0xd70d3ce34bac1486d929d8d3f9475f7bbf004444,88221273
471,0,0.34349355202494397,0xc909b78490e142887106352b404e851136ec4444,88223439
472,0,0.51333986164291,0x5ccbc3f283daf1d081912e913dafca18ae0a4444,88227095
473,0,0.050139798579285744,0x5d08cdc81303c20f65345d32e8df067b43dd4444,88229612
474,1,0.2350307089096437,0x5b2b43089a2a1750dd320a9fe07fcb016b8b4444,88236702
475,0,0.9859562604077045,0x7c6f550ffaa57a2405c1470f67205e12a3094444,88236704
476,0,0.8690575182750311,0xd4030977de32a7ff21a89c0056e5594111c24444,88236706
477,1,0.7282488176323298,0x66f10363aa46e27215b7669898efc67a462f4444,88236935
478,1,0.5746883955370585,0x13b168d3564748f9a9b1bcf6d735c06479194444,88237489
479,0,0.985104380040431,0x9d3cd269f0c747ed5ebd71228865eb0c265d4444,88238020
480,1,0.7417927238605325,0xbc3dc40c8846f2ac29a79e3a7eefe86afe924444,88238829
481,0,0.3754520449519632,0xfa3346883ec5d133c55a01456eb7ee9207404444,88241765
482,0,0.06629932523499436,0xb88af31ba110c6aa5181bb6380dc2cd6eb134444,88248301
483,0,0.12575963715639923,0x49c9da75ee3f4a4c26472bb1e62409aea5724444,88254125
484,0,0.16656203267814773,0x5107ebfc3659b6c8b8a23a124559787e70dc4444,88257769
485,0,0.7146296809385807,0xaa5df5b593cd51477cdd4371962d480af37b4444,88259815
486,0,0.8887787305555614,0x5539d250c11dc18f0071fdb293032f1c73054444,88265230
487,0,0.001555529594038187,0x099a209455a67543b36ff0b6e2c5be78ef454444,88265612
488,0,0.04375086544324944,0x0992ba99dc070b7f9321ce42df7dfbfe80484444,88265642
489,1,0.5448606129486445,0x08e4d61a8c4eddc064aef41d76a87a4f343d4444,88267957
490,0,0.25321235025183375,0x05b6f1e5b2b2b5d3594c4e496527b5a5b50c4444,88270472
491,1,0.7090311033144033,0xc122813821b8bc16b4f455296dacaba797024444,88270487
492,0,0.1862698920766284,0xae830893509cfe67341f4af9fb975bdb132b4444,88270510
493,1,0.72122417653118,0x98c07362eaa276be53d31aadecc66bf4865c4444,88270666
494,0,0.9544790757714218,0xa92cd1fe9810975b6523ac6297cd33550dfd4444,88270833
495,0,0.6157952127682415,0x0950182d56f4267e9e6cc9a083ed959b492e4444,88272030
496,1,0.8638865143160934,0x7bea116238ea94907ef25d4f714e0df246814444,88272066
497,1,0.6179102580710623,0x183a28acfae7e1600a7ae402b7469fdb74a24444,88272254
498,0,0.004637815777720935,0xf3287aebbcae17607e5f53838ddfbdeebc924444,88272529
499,0,0.0020947787295401525,0x4401f848927b48f57648b9e464f536c425014444,88273307
500,0,0.29593360981217165,0x3c700f01007a64c6d66e0c78f845b383f7b64444,88273824
501,1,0.0695919038107348,0x41bb271c6168a117c79f7cf0a170ad32f0f14444,88273896
502,1,0.2101676921664209,0x9088b45fc258c34ab412f8b50d41a013cc904444,88274320
503,0,0.1349791206101082,0xa7d1c843f710651a48098b34fa8d832f5c2a4444,88274438
504,0,0.3872098359262034,0x490bb0bcf070033fca1fa611ef5624196da94444,88274717
505,0,0.39964805198845094,0xd3838b9d25918e6ce8eaad8bca1e1e6dd7fb4444,88275297
506,0,0.004111491190777904,0xbed5b06a002571454ee0d0366d3c7bd6419a4444,88278166
507,1,0.9761771862852737,0x0599e64a65ee8928049fb9947af7dc0e39f24444,88278207
508,0,0.002505400009436255,0xb2b59c4d276f9e5b90429f13bc6759c9e8584444,88280616
509,0,0.9869847795361785,0x2877e36c955ccf5041846d5aff9177eb1f884444,88281281
510,0,0.3452952560478275,0xbccdd6fedc27557ef9e1ce205ebdaf296c4d4444,88281321
511,0,0.17563052166805412,0xdf5fa308d67ccd8982332ead3a218ec220e04444,88281376
512,1,0.9546406054556187,0x095f630c07eaaba6dd7fa81adf139e5e216d4444,88284131
513,0,0.07457946309886684,0x60fcfc23cc320b7c56a340fc2733135155574444,88294364
514,0,0.26740575990815707,0x0a81f6b50a9a88b0101b5de3448279960dc24444,88299455
515,0,0.9396756105459497,0xa6d9947c459489f3375b7120f618ad2ec6f44444,88299650
516,0,0.5861239687225953,0x592fac5a10068d4929e629be75d2fe131c3a4444,88300265
517,0,0.7068243020287086,0x29bb14ec58c377a654b0fb3a90500fcca3584444,88338470
518,0,0.0071552059582168865,0xcaa717373235cc830fb830542d524593a3954444,88342421
519,0,0.6427757622079058,0x1b7bc8efe86b7154d428a1371a56c99ce62f4444,88367529
520,0,0.9716370370509861,0x5522a01c6b557cce4ebf34122002ce18f7b64444,88376362
521,0,0.37119903493686396,0x68f244081006be29a3cc8780db1173f76ca54444,88388118
522,0,0.011182463786719724,0x212218dfba379f1f46002ef85da4d0b8fb374444,88388219
523,0,0.19081520421765222,0x293fee82009d287be73eca44b8c1d8ce2c274444,88388630
524,0,0.034162034261716524,0xbe971fba4a01fd23ee035db7f963fc9870e24444,88391433
525,1,0.017152516937528665,0xc5b967083e3c871bd549882312a323f58ba34444,88402102
526,1,0.017122316231105498,0x8028a1c28320d12bd550a0a055091ff1b4fb4444,88402138
527,0,0.0067681922046632795,0x75d8c9aab3f6ccadfec85a593dbc0b3c92c34444,88402420
528,0,0.007386234094309517,0x2e6a35b99807c279dcc7370ef85bfabe69354444,88402479
529,0,0.5316803652867821,0xa8a2c2fa29a288e2a1e1c3cd8343346dc93b4444,88403039
530,1,0.14556079120070478,0x99092aa64df4f53f30b2fb72502b19173be54444,88404986
531,1,0.8299355430842469,0xab8d02b2adc0517721031374de15336be0ba4444,88405325
532,1,0.9820956234425272,0xbe6382916214055810e9d110626b4877fef84444,88406963
533,0,0.49167263845750264,0x158a3e2c170330761f48af17669fc97bda3e4444,88407236
534,1,0.5321686693320071,0x04436f0275de792f7c2ef5a898b8273593764444,88407394
535,0,0.06009179782278392,0xb626ec634105fa9f823cce58986c6d9f1e734444,88409927
536,0,0.004180188162991643,0xecd90c037109c5d168094f43c42a4343ac944444,88412897
537,1,0.9449725219458169,0xaf9d1b58f0d7c0bb8552acd0c07c3d2559764444,88420117
538,1,0.31468732423188456,0xa46198e80b01df2e1edab360eb5b6b4dd25e4444,88420208
539,0,0.1731113949130213,0x6e644429ec6fd688d73751fb1eaff3e9ced04444,88420393
540,0,0.7239545495723042,0xd16bb99a5f646fdb0eafea34d235211040df4444,88420881
541,0,0.3403729653987964,0x60580bcd822f73bf332d32f928d6c8fb5ec54444,88421238
542,0,0.02198017194840616,0x5ba5778c9f07434c5313e5f87138f145a4fb4444,88425257
543,0,0.8358167730716209,0xed176f86c69712987a01530eb549c30d0c5b4444,88425259
544,0,0.3726612654741083,0x5f57b4af8e890673390bad7b4ba1c477123f4444,88425457
545,0,0.1889160261542715,0xf39e7848d616c0fb9c5db866ab236657cf3b4444,88426280
546,0,0.0035989305876832603,0x00b0b1d6c809c3e75b2649762daf32770f0c4444,88426866
547,0,0.00842969244498459,0x59b7db916c7b11b8ab3963b6dcf79381a1a14444,88431246
548,1,0.9751761566978978,0x61ef6983e3398968567efd51f7e480d323834444,88443547
549,0,0.03764819327800126,0x8dd4e4cc4df7b51ec24952fbd35ecc2af8094444,88443965
550,1,0.05508464783718918,0x23d1afe74e4781be5c96c03bcb55d9e9a0384444,88444080
551,1,0.8884985176569967,0x931bd7d93e34d38e1ac386c4e313476f240d4444,88448038
552,1,0.7263766689412624,0xae3b24480781bd53b61522cf8be3c988bb804444,88451166
553,0,0.6022121732804269,0x333e39651bf5e5f360281cbeb4101c6a95d84444,88451743
554,0,0.023761919874461638,0xd0f9a4592b5ceb0c6ee183c48d57f8d23ea34444,88452496
555,0,0.025661964353944914,0xc9f194dcfb3246aaf19682acab7ec864087b4444,88452772
556,0,0.28688779754896815,0xbbd0870d64560768ac77f3ebe2bdad88561a4444,88452998
557,1,0.407508944167912,0x48ffcf7852c8ffd2b1a7474c5f8421bf14414444,88456909
558,1,0.5964334350891448,0x7c9dc3265a41703d6f7f84207ec9358e9c584444,88463325
559,0,0.0767284418134814,0xc70a3c16c9e1b9903d444022e0cc8cca6d6b4444,88465279
560,0,0.0443001438164544,0x209dabde3166aabb0287e4219d26a03cb6834444,88467575
561,0,0.00166850351087795,0x8fbf061f4854e414ce1d5da5514094e94ed64444,88469354
562,0,0.09033924275451952,0x8a72bfb63187f35f39415081d2b63ccae85c4444,88469357
563,1,0.031052060518792717,0xf9fa6fc80b0f4d505013182d4ca2b06bef9e4444,88469406
564,0,0.006161965331257648,0xb1d1089aa529f8f028f0c2bc7a5fb219407e4444,88475484
565,0,0.939755752344054,0x0bb89d9f3652a8c4735ff0e4e3c3518f7c374444,88477502
566,0,0.1843625895023282,0x2bd7fdbd3d7b0abfcf9a752f250d0d89e2dd4444,88478264
567,0,0.024631230140071896,0xa00a7faf7953969c3c115c881a97240a2d784444,88479166
568,0,0.343007417192997,0x0ae09f78544b6fb7a75989e5658ac40a01d74444,88492534
569,0,0.015407005675870614,0x55fe966f768d78c6dfeda00e3780162e7bb04444,88519833
570,1,0.06800230022537723,0xb8b468c14e037419fe1aa5445dc1efe97ae34444,88528842
571,0,0.0025364294402816317,0x49542a98936790fed811c32bffbb9b4aba774444,88559909
572,1,0.7393566645172813,0xe9ff041765697492060e924603315b07acb74444,88567846
573,0,0.03537739502803665,0x686ddcfc5724f7fb4e5137fa55b15fd069044444,88575290
574,0,0.2966799474525936,0xf39284e237576a261d02933dbe56eef1203e4444,88585843
575,0,0.11353246500798027,0x25821d1545918e25383e779915d1d8005dbb4444,88586180
576,0,0.015316695261395265,0x4ca3dc5b00f358b08260eda2e4e65901ac8f4444,88587227
577,0,0.12652648659155444,0x24025add337ee84acd488e718d445a32130f4444,88596179
578,0,0.40825425371060226,0xee595d3b2e1c06d10d6392ba563e163ce7cb4444,88600593
579,0,0.5711991901628232,0x0a0ecfca0f445edc7f979570ea36c7ec4fc54444,88602294
580,1,0.4622909689919649,0xaf82289d3c6b6fa97a1d15cd7700930a1d714444,88602316
581,0,0.0016528326091062766,0x364df94a223a7300d95fcaacd6124fb9156a4444,88606555
582,1,0.2028052134500909,0xe39146378498feaf95d59da61a05e2dac0f74444,88610096
583,0,0.014817248148680873,0x447305cb38afb9204fa662cfe036fd0e59fa4444,88610659
584,1,0.5362463037556119,0xe5172b99366d82b72653112d25124d99303f4444,88611619
585,0,0.019651968732700132,0x4a152ddefc07672edaeb26ed5e2dbe43c7aa4444,88612012
586,0,0.027774969408941325,0xab82c9956109ef23903e083b3c0bd2ca35354444,88612048
587,0,0.0006003750670431418,0x66e70721537e1cf2bcb290cb840c499dd62d4444,88613303
588,0,0.09953574348870993,0x3def4db5a4320b3c36397555ea65aef665954444,88613304
589,0,0.5905497108214799,0xded7e6247560324842502b5c4a59d746b4d64444,88613500
590,0,0.0009778806732835908,0x9d22af63d8a67c8912d5c344048086bdcff04444,88614229
591,1,0.9824012729201962,0xd2790a62a3211918401ad17459d6cdb855b24444,88637330
592,0,0.054994010119603275,0xe70bcd4c813a0e32d1aee2721fca89d51c7a4444,88642500
593,0,0.004390307257762168,0x4c3110c70cb3c52419c80b97afa067be1cbe4444,88645595
594,1,0.5884085221709751,0xc8af36121eed264fba6e9bd0623b2d0cc6024444,88647315
595,1,0.07214459509597501,0x34ad3aaf7767b96d104e9077d2242139bb1c4444,88648793
596,0,0.3798115213830805,0x089ad7e6cba48ff13fca607ded50d1b0409e4444,88651782
597,1,0.7947196377023209,0x76f2e86bff12fbb3e5c778a7f00e5d13f2894444,88652844
598,0,0.11633314266956257,0x547f1a6f8988648140a8e3ebb31515191e124444,88653415
599,0,0.0033808755508569635,0x9bd7554e13046f5adde37de3a1b5a67940904444,88655043
600,0,0.0005228551516551374,0x32396aa3441e4bdd2ce4a8c5fd4db8ccad374444,88655871
601,1,0.5792071401910862,0x8e4b469c2fcd4af358a3e7a03aa2e05beea04444,88657293
602,0,0.009544914770967201,0x439ae013f8271743e1f74426f63e53a182f54444,88657328
603,0,0.14520061317135496,0xa13c014d4cc12cb423871715a5d8c07d9e684444,88670258
604,1,0.8582479523987002,0x315df486f5182d7d324a96e67353b3ba44774444,88671968
605,0,0.2002914186526386,0x5a95783d9a3d4e1c2e03107c6496f097a2a44444,88673441
606,1,0.012416053482438913,0x0bc61768132aa1484e2b09301284b7def78a4444,88678989
607,0,0.12402737108004491,0x3a7459278c74a7f6befe497759d709ed82354444,88679501
608,1,0.004725702745476449,0x487022daa2e157be3b1242c0302fbce0eec34444,88709210
609,1,0.019056953601858002,0xf259aa87f32c43fd67c6a894f2c97a0a31c74444,88755156
610,0,0.9926678749342197,0x567128702fdd492f7ebf699122ea4515b7354444,88764860
611,0,0.12773175165553913,0x0ba2d0d831bb944920bc3e5c1121c255eb434444,88767227
612,1,0.6526391801323183,0xe70f1a9cdefb69c26f2ea0c5f17b358a86db4444,88768847
613,0,0.6493651704204951,0x147d801edbf9e6b2a5188baecf77a1fcf6ea4444,88769671
614,1,0.17044121081268326,0x2945bc06c4c62356e9ff5b392b9dff78d72c4444,88771550
615,0,0.09790817527109015,0xad3433442ff9de4387c416f269500d7dfec94444,88772455
616,0,0.07762008186647347,0xe033af6004b092d1b55a5ea4b2d4c03b922a4444,88772732
617,0,0.759198961821325,0xd09aaf6299db0195cc423cb8f85c3d8848cb4444,88774292
618,0,0.001164871372301061,0x0eb79c5ce6fe677c0e895c73a76492c8886c4444,88778820
619,0,0.039748301375210876,0xc7c7fc6ca3b65780294db4545b386d208e324444,88778852
620,0,0.018257581678117994,0x0f18004b4b96ce7beca111d3b4f063af86ff4444,88778976
621,0,0.17309146560335906,0xbe999475c23ef2edfcf43ef615181b39fe014444,88789011
622,0,0.26710030526818135,0xa46b9faa66bc4b85d6478df6df2c81842c244444,88791203
623,0,0.6682400313772676,0xcd04ac054c7a11687ea6ccd07b6dc9cbd1784444,88796012
624,0,0.3474490016700107,0xd139405d2386cd4803e1d2fad604816e8c484444,88796769
625,0,0.7611786429965681,0x2e09c3a74b5520f24dc73720a237a8c616014444,88806714
626,0,0.8258888410607886,0x4eb44ada066c881bff451e127a69b8d324614444,88808094
627,1,0.2536350855035865,0xf7da14e4a16308c38dffdae7a5747b702e0e4444,88808555
628,1,0.9716126121637993,0x06f77d74f1f078730ac9a533c32d255af00c4444,88833625
629,1,0.011619126299062334,0x778074f2bcea9c8e8c9d08218dbdc316fe7d4444,88833684
630,1,0.5878754774988901,0x5509d4b52adce50f79f0238f1b0ba0dedf834444,88836468
631,0,0.07180634590525801,0x820489b878f335a0e2abcf30c47b3cdcb0174444,88838282
632,0,0.02303225967375561,0xb7c01dd1878d64bd24d515dabb359755c5174444,88839372
633,1,0.0830546511116517,0xf5e3379569a801692c1c94479089c346ce6d4444,88839375
634,1,0.8869267871794356,0x20c003e0adba78c1d453b25c7d29bdf2322e4444,88839465
635,1,0.7757687742117522,0x64031d3580d88e78d0dee64311d7f39db0564444,88847139
636,1,0.24737248769664516,0x203d07d18d8a8e6b2bf9d1983707f660bb804444,88847149
637,1,0.14288717315134156,0xa0a1385817e7904d9130b501c51a595bdc3d4444,88848983
638,1,0.9840074419582308,0x270a21b07d9c9822bc62de265f76410ad3614444,88848987
639,1,0.9541623820673545,0x76385689ac672b62292cae9ee4fe15a53e484444,88852027
640,0,0.0018536532964613438,0x393e1247f20e4ea937a7620c3e7fcf3c3cbc4444,88853892
641,0,0.8336629250947135,0xfc89768d0d3e65839c01f6e0a23b151972c24444,88854404
642,0,0.0900085239119193,0x1a2ab5aeffae3d694969c77f9e038c3d7e5d4444,88854854
643,1,0.5866418962316665,0x07cf1f0cdb7e09469be8fff3bec66201f6b14444,88855282
644,0,0.13522288858416198,0x4ccbe57587065fee6e1740015c3f38699b8f4444,88855502
645,1,0.9642186951852837,0x543b299648904c029527168bd4eefb2a24e64444,88856027
646,1,0.5547872251284268,0xebe486fe073fd44ae137329b1e6494704e8a4444,88856746
647,0,0.3693451468872745,0xc28ffc2a28bc65fc3f63d5a0b324b3728db44444,88856793
648,1,0.05240227085403651,0x2358b624882bb7afdcb04360c1e36b9886584444,88856927
649,1,0.7743158622641939,0x0036a7854c6842d6c6dcccb484dcc35eadb54444,88857347
650,0,0.3569345966555911,0x8184693358181eccc2fa39912ab8a200e2644444,88858419
651,0,0.025512073749658748,0xf090f2dfbe0cfcdf62e4002399a0f7eae87e4444,88858443
652,0,0.32485347201164577,0xfc0d2ae5c32bc037943259d0c43fe0ec3d914444,88858467
653,1,0.20652820150158138,0xd0be5223789c031c50d00800fc98248bc5b44444,88860317
654,1,0.0827397072038581,0x82701e418490d047c960caefbc14a80809724444,88860864
655,1,0.29915551475889174,0x5c1d3510c7113049611b5234912ecbbeddfe4444,88862083
656,1,0.7820310222837945,0xc1aa89fd3f09acd06e6b57d39aca7f4267f14444,88862430
657,0,0.00239543777954093,0x942d6a01b0b1b734463bb04cf166ab96ed5a4444,88869975
658,0,0.0011042573337495015,0x2f54717d37d7017d77b11969733f4b1d7bf94444,88870039
659,0,0.2874201844078991,0x57dda35f856f7e32d54fcfdca56bb746d9754444,88875053
660,0,0.3954693676820055,0x68a0868943dafd3a045ad9a6fe15ec0f92d24444,88891083
661,0,0.07609155988597043,0x1867015b159b77352a85f775716b8cce37024444,88906994
662,0,0.023480153547133797,0x8973109cd86acb8a497daf10a821d919375a4444,88922234
663,0,0.0008284727113001511,0x5ee9829697c75ab3b23dcb2700619a3d0dbb4444,88955407
664,0,0.13737379335539715,0xea8c890831bc1d92276479e46e3139dd0ba04444,88957881
665,0,0.1254313844747675,0x700c45b0e995910a49ad319688b91828a50a4444,88959572
666,1,0.05034944072147823,0xeb0e14a9345bd3ad805c89da798220156fdf4444,88964539
667,0,0.0015299243287512027,0xe6c238d6e4b756c9dbc9a0989e012dcb80774444,88966188
668,0,0.530962344628513,0x7f778bd32fa8715de8b814107699cc92efa54444,88984755
669,0,0.051804256944394965,0xa7a26444e613f68aa2c937a09f845fc802d84444,88993956
670,0,0.08785124382958279,0xe5cd900aa4a0083510960f6fde7d76dc8c094444,88997624
671,0,0.0026711374121503716,0xf71897cbc98fc15a3cfa3e48ba874290b92e4444,88998266
672,0,0.0010920843705136954,0x20acb4fcbe528d730c5428fb8e0817c6d48d4444,89000686
673,0,0.045335703346580436,0x37b950021e6efe626f86374a34d3c88d74144444,89001458
674,1,0.04162703490712152,0x0fb72917f64c48758e78e1e8841a7e22a5b74444,89004417
675,1,0.030562092813647437,0xea82f7c1695f7f78a156f1544f47f7d923354444,89006825
676,1,0.4886827936547317,0x190c6907f442e445b73f2da237ff089d35cc4444,89015554
677,1,0.09242379207253587,0x5df85b9568f7a166d8894f9654f926dd4e804444,89015668
678,1,0.0065466596869825045,0x00aaf21477e904f3582110bcb685c757ec574444,89020568
679,0,0.1380739317626665,0x7228aa8268e39bed0ed76774df18539cea934444,89031031
680,0,0.0006779027277682752,0x09a42d38e5f43e01d5f2a667399451172d004444,89046969
681,0,0.06540745349713262,0xcb5f3bfc3b252d188fff5e29e26d765280bb4444,89054045
682,0,0.0654347803365568,0x228e1cc771c62e89713927e9383fae21fe5e4444,89056597
683,1,0.36020722846454684,0xedaa988e6c64ec8670ffbfde7ef6c3f143df4444,89057715
684,1,0.8731194121843893,0x8fa8105edd30748773b370346f3d3f4e0b584444,89057949
685,0,0.007005522535934187,0x46e2a3077ce0de38ab4b7accb55a5e746a9c4444,89057972
686,0,0.007040779597253099,0x2835efc18c6da5423db6efa19d9221562acd4444,89062344
687,1,0.18574614505639808,0x7511391e35a95903d345dcc0cd2c8b1526f94444,89062958
688,0,0.21720047155898103,0x7640da1ce40e0991a601b08488e85e4a9c024444,89063150
689,0,0.0035044784048603637,0xe5eb0d1a2d822e963e1a24cd5b6eeabe108f4444,89106679
690,0,0.00062978403838252,0x78900bf4a3602100419e3fbe788a3cb37ee44444,89160108
691,0,0.037644621823405174,0x70cff3af1d6d3d1e9e1ed6bf5bbcc176c0ed4444,89175030
692,1,0.1460983531430418,0x8eb31a7f9c7ef458453e69a4ed0177f91f084444,89177972
693,0,0.04011696242605416,0x82458c6b6cfc952ddfce73c33627f50892744444,89178442
694,0,0.03759534798628702,0xbbd8413ddcdbd1f42c318f55a76a92c4163f4444,89201659
695,0,0.004374643154888204,0x4810e1e83eac3d6c8623361e7524639bf6e34444,89201916
696,1,0.0043642895452145475,0xfc65b65d1f579cbb02f892b6baaf4a4f26054444,89204394
697,0,0.012891536875563785,0x3f6e1070e8109893da2d058f830d20e5fee64444,89205674
698,0,0.002308331602224681,0x8edb3b6f57dcbd7fbf07de3bdc7e6fe55f1e4444,89206337
699,1,0.14355886093376347,0x3ed9048394cfb6d8870f2b1fcfd5b94e25094444,89206427
700,0,0.24316156277970485,0x18a9e8bcf612e5a2171e27f4a857d2653c8f4444,89223074
701,0,0.0056508885056488645,0x44c1d0dabdf980ded7e2362081e8b239d8f94444,89232353
702,1,0.12444312977376647,0x8385247019344e2e27cfa4013e9c0193eb134444,89234027
703,1,0.009395950582158826,0xd12f3c4a40e46600f0bb2a98d337d161776d4444,89234663
704,1,0.970388270951445,0x77ea4178963834bd8f1243a25e4bcb70cb134444,89238144
705,1,0.2552002185759707,0x2b560fb77d755189b88c717da6bcf64365434444,89239096
706,0,0.0413531870513587,0xfc38278ad5393ccdfe5c52c02f00ebfc23674444,89243789
707,1,0.16964640024202096,0x39b227dce661b0eda53cbb5773d396bfd8fa4444,89246563
708,0,0.010138048326464926,0xf1bc543b8938ba365a64474d8fda0b75b6304444,89247139
709,1,0.97118245293392,0xebe501421c08eb633ffd47bcf68dcdf2f92a4444,89250110
710,1,0.2202138541169587,0xf1fd2bd4de1816b58951021e3bb1f7b1cf904444,89278904
