row,token_address,name,create_block,create_time,create_hour_utc,create_dow,creator,deployer_prior_launches,deployer_prior_grads,deployer_grad_rate,dev_buy_usd,dev_sell_usd,dev_sell_pct_supply,dev_net_usd,kol_count_final,kol_count_at_entry,combo_k1k2,combo_k1k2k3,combined_notional_k1k2_usd,kol1_7d_win_rate,kol2_7d_win_rate,kol1_name,kol1_buy_block,kol1_buy_usd,kol1_sell_usd,kol1_pnl_usd,kol1_held_at_entry,kol1_holder_count,kol2_name,kol2_buy_block,kol2_buy_usd,kol2_sell_usd,kol2_pnl_usd,kol2_held_at_entry,kol2_holder_count,kol1_kol2_delta_blocks,kol3_name,kol3_buy_block,kol3_buy_usd,kol3_sell_usd,kol3_pnl_usd,kol3_holder_count,kol2_kol3_delta_blocks,kol4_name,kol4_buy_block,kol4_buy_usd,kol4_sell_usd,kol4_pnl_usd,kol4_holder_count,kol5_name,kol5_buy_block,kol5_buy_usd,kol5_sell_usd,kol5_pnl_usd,kol5_holder_count,holder_count_at_entry,holder_growth_kol1_to_kol2,holder_growth_kol2_to_entry,entry_mcap_usd,bonding_curve_pct,age_blocks_at_entry,peak_mcap_usd,low_mcap_usd,graduated,peak_mult_vs_slot2_entry,bnb_price_usd,btc_4h_change_pct,bnb_4h_change_pct,ml_score,current_mcap_usd,signal_mode,signal_mode_label,position_bnb,sl_x,signal_block,signal_tx,deployer_score_signal,deployer_success_rate_signal,deployer_successful_signal,deployer_total_tokens_signal
1,0xa233f0058498f08a72538a7b36c091cf22a94444,官方报道的网红鲸鱼,89727026,2026-03-31T03:07:57.324+00:00,12,2,0x46f3554d87e1bfaaad093de887aec751958c6b3b,3,0,0.0000,0,633,0.0000,-633,2,2,D→B,,88.0228,,,D,89727159,56.8664,,,,54,B,89727257,31.1564,,,,125,98,,,,,,,,,,,,,,,,,,,,125,71.0000,,13236,0.3133,231,,,,,609.32,0.0037,0.0000,0.0203,12822,0,NONE,0.0000,0.0000,0x5592119,0xb3a23ca5da4e8a56c23e7e7319dba8b1968510174893e9e5cd02a16b7c1e3ce3,4.00,0.0000,0,3
2,0xa81c564f48169e79a9d9c0e919e27b8ee0704444,Ask Naomi,89728683,2026-03-31T03:18:47.521+00:00,14,2,0xb854c84c540e711356778bc46d929f25c3188430,1,0,0.0000,0,592,0.0000,-592,2,2,D→B,,105.4960,,,D,89728689,51.7169,,,,9,B,89728699,53.7791,,,,34,10,,,,,,,,,,,,,,,,,,,,34,25.0000,,6477,0.2467,16,,,,,609.32,0.0037,0.0000,0.0211,10350,0,NONE,0.0000,0.0000,0x55926bb,0x22878554c943ffc018f2c6f3c9ee038abc7682baeaac3558c09a739ca85b7eb6,0.00,0.0000,0,1
3,0xaa68ef48f6cf7cd313165996c5308ef857334444,Ask Naomi,89728844,2026-03-31T03:19:55.285+00:00,14,2,0x92d693a469cee71422af071b70df6d24125da075,122,17,0.1393,0,0,0.0000,-0,2,2,D→C,,91.3600,,,D,89728851,53.2301,,,,8,C,89728854,38.1299,,,,19,3,,,,,,,,,,,,,,,,,,,,19,11.0000,,9085,0.2169,10,,,,,609.32,0.0037,0.0000,0.0450,10209,0,NONE,0.0000,0.0000,0x5592756,0x238d97134a02548d0c32f2cbb6b6a4a173a2cc7f3388e46d8065c17730ddc00b,16.76,0.1393,17,122
4,0xa408dca4afcee949abf0643671cd8e1359674444,抖音爆火歪鼻小猫,89729244,2026-03-31T03:32:04.952+00:00,14,2,0xac0ca59b4afe2082e0a2a2b3d96e154b364a3ea4,6,2,0.3333,0,2898,0.0000,-2898,2,2,B→A,,144.1738,,,B,89729247,40.3534,,,,5,A,89730468,103.8204,,,,509,1221,,,,,,,,,,,,,,,,,,,,509,504.0000,,5439,0.7609,1224,,,,,609.32,0.0037,0.0000,0.0947,36301,0,NONE,0.0000,0.0000,0x5592da4,0x005340d26efd430bccef265bf3152cf5ddb27ebd146878b71943823c75406c4f,26.78,0.3333,2,6
5,0x94ffdcc93597c60e0694046366f5ad8e56f24444,柚子叶,89731784,2026-03-31T03:41:56.648+00:00,16,2,0xd4367bfd77bb1eef476cb8e570ab1cb0a576a66d,156,15,0.0962,0,0,0.0000,-0,2,2,D→B,,97.0071,,,D,89731787,64.8865,,,,9,B,89731788,32.1205,,,,14,1,,,,,,,,,,,,,,,,,,,,14,5.0000,,7445,0.1458,4,,,,,609.32,0.0037,0.0000,0.1218,7110,0,NONE,0.0000,0.0000,0x55932cc,0x35387e7a112ed5aad1b8ae10d4b4379128f23fd65e1d7eb047dbe1098431f1b4,13.14,0.0962,15,156
6,0xff8d082b9ea68f20e32824d98280eded1db44444,CZ个人官网概念,89730375,2026-03-31T03:47:55.922+00:00,15,2,0xc694bc91de4b6397abfbabc9d1293c4ffc2f2863,28,1,0.0357,0,680,0.0000,-680,2,2,B→A,,113.2663,,,B,89731128,28.9675,,,,181,A,89732582,84.2988,,,,,1454,,,,,,,,,,,,,,,,,,,,181,,,13783,0.7238,2207,,,,,609.32,0.0037,0.0000,0.0751,33902,0,NONE,0.0000,0.0000,0x55935e6,0x9e77de45f99635b011a13478424842c681dc651effec4e53a877a1f77658f336,11.92,0.0357,1,28
7,0xaf7c7ecaa48430f663ef01bd94520f38d0a54444,it之家刚发的新闻苹果吉祥物,89713518,2026-03-31T03:57:36.586+00:00,1,2,0x47ae16b879bafb7dd0b91f29e4e8c337fc5d2678,58,7,0.1207,0,0,0.0000,-0,2,2,D→A,,218.1661,,,D,89719656,58.6898,,,,,A,89733873,159.4762,,,,,14217,,,,,,,,,,,,,,,,,,,,0,,,53742,1.0000,20355,,,,,609.32,0.0037,0.0000,0.1460,53742,0,NONE,0.0000,0.0000,0x5593af1,0xa129f03083bb01e8f12d3dc84e331d9d5f73419889336a1bff363c57257d0d5d,14.43,0.1207,7,58
8,0x2c94f024148133c8dd947219867d98fef71b4444,我只是个无名好人,89734002,2026-03-31T04:02:11.811+00:00,18,2,0x47ae16b879bafb7dd0b91f29e4e8c337fc5d2678,58,7,0.1207,0,592,0.0000,-592,2,2,A→G,,121.3205,,,A,89734205,85.6955,,,,187,G,89734482,35.6250,,,,304,277,,,,,,,,,,,,,,,,,,,,304,117.0000,,16995,0.2108,480,,,,,609.32,0.0037,0.0000,0.0062,9129,0,NONE,0.0000,0.0000,0x5593d52,0xd84ed265d9de808d8dffbcf483bdf3d326fe7ee842d91f9fbd4222eb701e07aa,14.43,0.1207,7,58
9,0xbeae4dfc37b0462a20649f9dc94eab0039ad4444,汉典新收录模因正式定义meme,89736759,2026-03-31T04:21:51.243+00:00,20,2,0x7a1d494fede34d42156c81343b442caec63b0bf0,0,0,0.0000,0,7,0.0000,-7,2,2,B→G,,74.8242,,,B,89736795,41.9758,,,,23,G,89737106,32.8485,,,,36,311,,,,,,,,,,,,,,,,,,,,36,13.0000,,7014,0.0318,347,,,,,609.32,0.0037,0.0000,0.7748,4178,1,PROBE,0.0300,0.6000,0x5594792,0x0b6d312ad121b0648b0cbc650d096cdc21850bfe99952c7c027a5f30b86b189d,0.00,0.0000,0,0
10,0x03b48e3b8f93791a6968c0de8d5a5562b9314444,Apple Intelligence,89737098,2026-03-31T04:22:42.033+00:00,21,2,0xfd89322f0b1566328268e9bf8bb3737d5f5a3baa,15,2,0.1333,0,561,0.0000,-561,2,2,B→C,,83.3707,,,B,89737103,43.7669,,,,5,C,89737215,39.6038,,,,10,112,,,,,,,,,,,,,,,,,,,,10,5.0000,,5481,0.0497,117,,,,,609.32,0.0037,0.0000,0.7147,4585,1,PROBE,0.0300,0.6000,0x55947ff,0xec0f2467b5ad9427c63ab333182b29a5beac9e3de41ae33325f94f3755441802,19.79,0.1333,2,15
11,0xd8b460d8ca9d3220c53ff938deaf22e1aa9f4444,MIRO U中文名,89740299,2026-03-31T04:45:52.066+00:00,23,2,0xe881f671b1ede86d4a8e3315ce13b77257ec7525,34,10,0.2941,0,0,0.0000,-0,2,2,C→B,,92.3840,,,C,89740303,49.4215,,,,8,B,89740305,42.9625,,,,12,2,,,,,,,,,,,,,,,,,,,,12,4.0000,,6348,0.1612,6,,,,,609.32,0.0136,0.0071,0.4586,7564,0,NONE,0.0000,0.0000,0x5595411,0x97f52c5e43c64be5bdda5c4057e4bd54a679b204f2f9dba5a24781c77344af64,26.38,0.2941,10,34
12,0x270f1c18d2bbe4dc947333199cf7331493e84444,真名,89741147,2026-03-31T04:52:58.527+00:00,0,3,0x9e021739174c058a8947182f2659f9639f6ae8d0,27,1,0.0370,0,450,0.0000,-450,2,2,B→C,,68.5254,,,B,89741226,31.9724,,,,10,C,89741253,36.5530,,,,30,27,,,,,,,,,,,,,,,,,,,,30,20.0000,,5077,0.2104,106,,,,,609.32,0.0136,0.0071,0.1190,9116,0,NONE,0.0000,0.0000,0x55957c5,0x92b540a6759b4ec5b759227c29e4fdcb0a21e77770756dc1b15d6ac808f27f65,11.73,0.0370,1,27
13,0x49da4b80e661af89698bec0c0d6b5937debc4444,MakeFarmGreatAgain,89743010,2026-03-31T05:06:11.827+00:00,2,3,0x815f173371323a3f8ea9bf15059e91c9577ef7a7,34,7,0.2059,0,0,0.0000,-0,2,2,B→D,,97.2917,,,B,89743013,43.7570,,,,4,D,89743018,53.5347,,,,13,5,,,,,,,,,,,,,,,,,,,,13,9.0000,,5376,0.2098,8,,,,,609.32,0.0136,0.0071,0.3280,9951,0,NONE,0.0000,0.0000,0x5595eaa,0x8a52438debd1d56863e4720f5057b095b75e62bb2404c703b655bebc3d11a932,21.44,0.2059,7,34
14,0xb14d7704de3d8c37e755692cae8884979fc94444,愚人节 CZ+heyi=41,89703719,2026-03-31T06:01:30.395+00:00,17,1,0x4c740f8e22fc51c2b96fe3460b90758fe6ec61aa,19,1,0.0526,0,0,0.0000,-0,2,2,B→D,,97.8817,,,B,89741797,33.5509,,,,,D,89750391,64.3308,,,,,8594,,,,,,,,,,,,,,,,,,,,0,,,12884,0.5729,46672,,,,,609.32,0.0136,0.0071,0.0924,24984,0,NONE,0.0000,0.0000,0x5597b77,0x30c7f487acb96703df4010e50f9a11efe7b883e0b924027ab667fff6bd955e06,14.40,0.0526,1,19
15,0xe1de48519853e510040038dc10904b3b1ef64444,Official HY,89750490,2026-03-31T06:02:25.175+00:00,8,3,0xd4367bfd77bb1eef476cb8e570ab1cb0a576a66d,156,15,0.0962,0,417,0.0000,-417,2,2,B→C,,90.1175,,,B,89750509,56.5673,,,,9,C,89750513,33.5502,,,,16,4,,,,,,,,,,,,,,,,,,,,16,7.0000,,6620,0.0581,23,,,,,609.32,0.0136,0.0071,0.3471,4785,0,NONE,0.0000,0.0000,0x5597bf1,0x4219b603d9138e5318a13ef05b7f720a3164df23718706b14c56279f193e37a8,13.14,0.0962,15,156
16,0xddab5ef0c885c1419543c95dc9dfd84874cf4444,Official HY,89750503,2026-03-31T06:02:28.781+00:00,8,3,0xd4367bfd77bb1eef476cb8e570ab1cb0a576a66d,156,15,0.0962,0,537,0.0000,-537,2,2,B→C,,90.0650,,,B,89750518,42.7103,,,,7,C,89750520,47.3547,,,,13,2,,,,,,,,,,,,,,,,,,,,13,6.0000,,4507,0.1119,17,,,,,609.32,0.0136,0.0071,0.1392,6155,0,NONE,0.0000,0.0000,0x5597bf8,0xeb4ac42518a5a59038c2df298ac95f91d82b7691801eedb36d9e6cbb770ddcf9,13.14,0.0962,15,156
17,0x28e379d714b0c45350ef32145f14202ebd694444,Official CZ,89750439,2026-03-31T06:03:55.953+00:00,8,3,0x609f2c912175f8cd4438c1882f291fa6a4b4c735,1,1,1.0000,0,5454,0.0000,-5454,2,2,C→B,,85.5994,,,C,89750500,47.3886,,,,58,B,89750710,38.2109,,,,222,210,,,,,,,,,,,,,,,,,,,,222,164.0000,,19457,0.7669,271,,,,,609.32,0.0136,0.0071,0.2529,36698,0,NONE,0.0000,0.0000,0x5597cb6,0x79a5c01aac830e56913f03ad1b15e8cec80a757f797d1063e77daae8c42b6217,55.00,1.0000,1,1
18,0xfae60514bb6d940d6ff33ced0c8ea15726854444,愚人自以为聪明，智者自知愚拙,89751717,2026-03-31T06:11:35.315+00:00,9,3,0xfd89322f0b1566328268e9bf8bb3737d5f5a3baa,15,2,0.1333,0,2136,0.0000,-2136,2,2,C→B,,91.1656,,,C,89751724,42.6546,,,,8,B,89751736,48.5110,,,,26,12,,,,,,,,,,,,,,,,,,,,26,18.0000,,7000,0.2029,19,,,,,609.32,0.0136,0.0071,0.0381,8870,0,NONE,0.0000,0.0000,0x55980b8,0x73dbd0dedebb6e7497a2aeaa5fc1e56eeee57456f2a6f560ef83b03559f6da03,19.79,0.1333,2,15
19,0x9eb5fc259d082c0d6ee47d484d48754fb8044444,愚人自以为聪明，但智者知道自己是个傻子,89751723,2026-03-31T06:12:17.597+00:00,9,3,0xd8fe5585797bd20f10c77a1dba203184d3f2ccfb,14,5,0.3571,0,419,0.0000,-419,2,2,B→C,,94.3105,,,B,89751765,41.9023,,,,13,C,89751825,52.4083,,,,24,60,,,,,,,,,,,,,,,,,,,,24,11.0000,,6912,0.1231,102,,,,,609.32,0.0136,0.0071,0.0832,6463,0,NONE,0.0000,0.0000,0x5598111,0x6224a156aa7d262833f7c113e2f09f5c3b1ac396905c8e73d3b3974063e0fc2e,21.61,0.3571,5,14
20,0x7f93e4a2b7105343ae2434d3790ee147106c4444,预测市场,89751931,2026-03-31T06:13:04.967+00:00,9,3,0x92d693a469cee71422af071b70df6d24125da075,122,17,0.1393,0,0,0.0000,-0,2,2,C→B,,52.9819,,,C,89751935,15.3365,,,,13,B,89751935,37.6454,,,,13,,,,,,,,,,,,,,,,,,,,,13,,,14398,0.3524,4,,,,,609.32,0.0136,0.0071,0.3573,14398,0,NONE,0.0000,0.0000,0x559817f,0xa9b8d2a6d31df70c491bca3d648044d0a9a78999f65526308530d99012614b29,16.76,0.1393,17,122
21,0xeda458802d485e7fe55d3616d6f02bf764114444,predict.fun,89752005,2026-03-31T06:14:37.932+00:00,9,3,0xd7bc6bc24b0f66cbfa78df2e3d9e62c294363e40,20,2,0.1000,0,1205,0.0000,-1205,2,2,B→A,,108.2003,,,B,89752078,32.8975,,,,73,A,89752139,75.3028,,,,169,61,,,,,,,,,,,,,,,,,,,,169,96.0000,,12639,0.3691,134,,,,,609.32,0.0136,0.0071,0.5569,15098,1,PROBE,0.0200,0.6000,0x559824b,0xa9ab6ccb5e8674c1ea0fe8398735d16e76c8cd37cdebe4ccf6c5aac6ca6e893d,25.93,0.1000,2,20
22,0x887ee6d7cba3d342530d5defbeb13a7409d34444,Post-Quantum Coin,89738116,2026-03-31T06:29:19.162+00:00,22,2,0x796c23cea6b5be155a20cbda5f9ad7e2fd1ab456,0,0,0.0000,0,9,0.0000,-9,2,2,C→D,,79.5160,,,C,89738389,39.2920,,,,7,D,89754096,40.2240,,,,,15707,,,,,,,,,,,,,,,,,,,,7,,,4976,0.3415,15980,,,,,609.32,0.0136,0.0071,0.1168,13950,0,NONE,0.0000,0.0000,0x55989f0,0xc9e52a06476889ff582497da0826b59f80e40d6ee05b8f688b3ccb91e0c29f2c,0.00,0.0000,0,0
23,0x9c8bd5a0c35411e99ade185a33958bdccfe44444,苹果AI APP公布,89754475,2026-03-31T06:32:49.625+00:00,11,3,0x3acaf3edb63000b615bee89ffb0effa997bcced8,38,4,0.1053,0,1062,0.0000,-1062,2,2,C→A,,83.5563,,,C,89754486,37.6670,,,,9,A,89754564,45.8893,,,,70,78,,,,,,,,,,,,,,,,,,,,70,61.0000,,6437,0.2130,89,,,,,609.32,0.0136,0.0071,0.1374,9199,0,NONE,0.0000,0.0000,0x5598bc4,0x54fa219339832995cc525ac2154c9ed97e1bbcc4a3a618669e969e6e9e65dd37,11.31,0.1053,4,38
24,0x8cc75c24af78ba0a1156512961104b617c774444,🔮 Predict邪教,89754780,2026-03-31T06:48:37.248+00:00,11,3,0xc694bc91de4b6397abfbabc9d1293c4ffc2f2863,28,1,0.0357,0,807,0.0000,-807,2,2,D→C,,80.0048,,,D,89756592,36.3930,,,,59,C,89756672,43.6118,,,,153,80,,,,,,,,,,,,,,,,,,,,153,94.0000,,6556,0.3980,1892,,,,,609.32,0.0136,0.0071,0.2426,16352,0,NONE,0.0000,0.0000,0x5599400,0xc6b0e8d0d1e878b347e38bed68d63786a7bf0d930044f11edf4c40cdc3c82b6d,11.92,0.0357,1,28
25,0xf8dfa0462daa47dd446c5ce1a832684214c74444,Meme 3.0,89763570,2026-03-31T07:40:40.571+00:00,19,3,0xd4367bfd77bb1eef476cb8e570ab1cb0a576a66d,156,15,0.0962,0,836,0.0000,-836,2,2,C→E,,50.8233,,,C,89763604,36.5548,,,,33,E,89763607,14.2686,,,,39,3,,,,,,,,,,,,,,,,,,,,39,6.0000,,7564,0.2248,37,,,,,609.32,0.0136,0.0071,0.0607,9594,0,NONE,0.0000,0.0000,0x559af17,0xe8052efd2ac1eb626ff7ef9c758e372621073c53b0d13271424b427fb40dadd1,13.14,0.0962,15,156
26,0xa197db2353187f7e69d08f5f167c2fa4f9924444,Q,89757124,2026-03-31T07:48:05.890+00:00,13,3,0xeeefff8ce2710fa490e0fcb794235e873c252d2e,66,13,0.1970,0,0,0.0000,-0,2,2,D→C,,80.0079,,,D,89757127,44.4144,,,,5,C,89764599,35.5935,,,,,7472,,,,,,,,,,,,,,,,,,,,5,,,8429,0.0275,7475,,,,,609.32,0.0136,0.0071,0.4883,4465,0,NONE,0.0000,0.0000,0x559b2f7,0x286106b2783f868b2dd65f9f40e23f9d39c417365c439c6ab4b79fb92b181d60,25.78,0.1970,13,66
27,0x5f5a1e237081b1514dad925e07a3833ea1e84444,Q,89764535,2026-03-31T07:50:38.396+00:00,20,3,0x543e30a7779866ccaec748cefc997de521d5208f,38,4,0.1053,0,491,0.0000,-491,2,2,E→C,,46.2757,,,E,89764579,19.9398,,,,38,C,89764938,26.3359,,,,122,359,,,,,,,,,,,,,,,,,,,,122,84.0000,,11358,0.1166,403,,,,,609.32,0.0136,0.0071,0.4065,6877,0,NONE,0.0000,0.0000,0x559b44a,0x9ce4be2cbbe4ef944aee1b24ae9ff5e786d4185e216a66caa8c158d0398dd9c5,14.75,0.1053,4,38
28,0xe3a0bd9a6d1249058f44f8da4bbcb4f2efc04444,predict吉祥物,89752287,2026-03-31T08:06:58.547+00:00,9,3,0x1ef832120aa68c650e84df4769c5d9616d914014,96,6,0.0625,0,868,0.0000,-868,2,2,B→A,,123.8055,,,B,89752318,48.3287,,,,41,A,89767119,75.4768,,,,,14801,,,,,,,,,,,,,,,,,,,,41,,,9486,0.6100,14832,,,,,609.32,0.0136,0.0071,0.1782,27055,0,NONE,0.0000,0.0000,0x559bccf,0xec08e6e86a96eecd75998cb705579fa9e802ec464a3243275dae0b43e3c603f4,12.21,0.0625,6,96
29,0x05f824076a7020433d46739f20161399215c4444,笑哭,89766096,2026-03-31T08:26:06.450+00:00,21,3,0x1f6ffc85622304c68340dbaf3f80ddc7bc824de3,0,0,0.0000,0,436,0.0000,-436,2,2,A→D,,120.7967,,,A,89766338,53.5102,,,,133,D,89769666,67.2865,,,,,3328,,,,,,,,,,,,,,,,,,,,133,,,13030,0.7995,3570,,,,,609.32,0.0136,0.0071,0.0590,38891,0,NONE,0.0000,0.0000,0x559c6c2,0xd3233f55f72458519d57a03ebcfe7e11932bed5bdf628062096da800ff822e5f,0.00,0.0000,0,0
30,0x28f80d8e2fd8bb60a2481ba72bbe45b54e864444,拉黑,89773577,2026-03-31T08:55:36.926+00:00,3,4,0xef3a2e8f40257eedb1a51111360bb3f97773cfaa,12,1,0.0833,0,861,0.0000,-861,2,2,C→A,,105.2106,,,C,89773584,64.2134,,,,8,A,89773602,40.9972,,,,74,18,,,,,,,,,,,,,,,,,,,,74,66.0000,,7284,0.3245,25,,,,,609.32,,,0.0053,13266,0,NONE,0.0000,0.0000,0x559d622,0xd931e754e744db2602943b9754f50041a09713733517ce43a228c9a21dd4097b,-0.33,0.0833,1,12
31,0x7c0830b66317c2382896426bb721fc12522f4444,央视最新纪录片中的数字虚拟币,89777411,2026-03-31T09:25:27.510+00:00,6,4,0xc694bc91de4b6397abfbabc9d1293c4ffc2f2863,28,1,0.0357,0,425,0.0000,-425,2,2,C→E,,56.1805,,,C,89777454,37.4018,,,,9,E,89777576,18.7787,,,,51,122,,,,,,,,,,,,,,,,,,,,51,42.0000,,5209,0.1947,165,,,,,609.32,,,0.2499,8605,0,NONE,0.0000,0.0000,0x559e5a8,0xfdb7bb0719d2b0a6147affecf0316ab05fb76c8e1eb5cadac97a47fa694e4229,11.92,0.0357,1,28
32,0x8b93cb579692653ab4e18aec45ca99fd41074444,改变人生,89780084,2026-03-31T09:44:26.025+00:00,8,4,0xe731f2fda1dc51d229657c3cbae46214692026a1,3,2,0.6667,0,1005,0.0000,-1005,2,2,D→A,,94.4473,,,D,89780094,51.5240,,,,7,A,89780107,42.9233,,,,75,13,,,,,,,,,,,,,,,,,,,,75,68.0000,,8877,0.5998,23,,,,,609.32,,,0.2267,26474,0,NONE,0.0000,0.0000,0x559ef8b,0xa11bdcd553112bb287ffd86ea3d4ffed353173f805c0e29d90c9beaccfa73eb5,60.67,0.6667,2,3
33,0x1ab9f206b2ecd5c10f1eb17851b9b3c89feb4444,改变人生,89780099,2026-03-31T09:45:37.614+00:00,8,4,0x92d693a469cee71422af071b70df6d24125da075,122,17,0.1393,0,0,0.0000,-0,2,2,C→I,,545.6327,,,C,89780103,182.1017,,,,11,I,89780162,363.5310,,,,74,59,,,,,,,,,,,,,,,,,,,,74,63.0000,,27459,1.0000,63,,,,,609.32,,,0.7950,53742,1,PROBE,0.0300,0.6000,0x559efc2,0xdcf05bd42475b344c469e8749639a907b68d34cf340b48c8bfbf59f084a0c1f9,16.76,0.1393,17,122
34,0x9f391279cc2ab9e22768599fc7d0252644804444,BNB changed my life,89780116,2026-03-31T09:45:38.706+00:00,9,4,0x1d0e439a1f53d1547f378587a0a55c2083af54c7,0,0,0.0000,0,9722,0.0000,-9722,2,2,C→B,,406.3007,,,C,89780214,354.1795,,,,137,B,89780239,52.1211,,,,344,25,,,,,,,,,,,,,,,,,,,,344,207.0000,,53742,1.0000,123,,,,,609.32,,,0.0061,53742,0,NONE,0.0000,0.0000,0x559f00f,0x9312a6b38117ac3069225fa456133efe96b92bffcab0cae5424b04a9bd77c8a5,0.00,0.0000,0,0
1,0xb2a5d5d194a5f19477d8e0dba610f68a1c814444,改变人生,89780304,2026-03-31T09:47:30.329+00:00,9,1,0x50e10fda939c5160eb35683bbaeb7c506b2efda1,0,0,0.0000,0,2760,0.0000,-2760,2,2,C→B,,65.8289,,,C,89780323,44.8328,,,,27,B,89780513,20.9961,,,,96,190,,,,,,,,,,,,,,,,,,,,96,69.0000,,10347,0.8132,209,,,,,605.70,-0.0050,-0.0042,0.1204,39592,0,NONE,0.0000,0.0000,0x559f121,0xb4c45f49e4afb105ab9023320a19cba7782c4e3a1418cdac9671d815ff191293,0.00,0.0000,0,0
2,0xa694cb9b8240a9a7dc6ea2c2a5fa8d99ca684444,MEME changed my life,89781381,2026-03-31T09:54:34.504+00:00,10,1,0xae8c69909e4395113b8d146247e8eecf489cbd0a,7,0,0.0000,0,465,0.0000,-465,2,2,C→B,,66.3508,,,C,89781432,46.2330,,,,25,B,89781458,20.1178,,,,45,26,,,,,,,,,,,,,,,,,,,,45,20.0000,,10042,0.1496,77,,,,,605.70,-0.0050,-0.0042,0.0575,7178,0,NONE,0.0000,0.0000,0x559f4d2,0xad7944332e5c0b8022723a8552d9867767a3806de00cd47cbd76c634fe51edc5,-1.05,0.0000,0,7
3,0x43bceadbd1389e11e2826c70d1e0db98da374444,加密技术 仍将继续存在,89786045,2026-03-31T10:29:22.553+00:00,14,1,0x815f173371323a3f8ea9bf15059e91c9577ef7a7,34,7,0.2059,0,333,0.0000,-333,2,2,C→B,,55.8741,,,C,89786084,37.3274,,,,21,B,89786097,18.5467,,,,27,13,,,,,,,,,,,,,,,,,,,,27,6.0000,,4888,0.0735,52,,,,,605.70,-0.0050,-0.0042,0.1972,5130,0,NONE,0.0000,0.0000,0x55a06f1,0xf072dcae678607c4b13aea65a6e98693ec82c596ee791fbcce7ebe6b7622523e,21.44,0.2059,7,34
4,0x5b19f06d69170f2ba3e040a968161cc63f354444,加密技术仍将继续存在,89786083,2026-03-31T10:29:46.538+00:00,14,1,0xa9ee9ef3e0e0bcf6501f117015776bcb3b8cc794,13,2,0.1538,0,2043,0.0000,-2043,2,2,C→A,,121.9942,,,C,89786092,47.9756,,,,19,A,89786145,74.0185,,,,184,53,,,,,,,,,,,,,,,,,,,,184,165.0000,,10983,0.4759,62,,,,,605.70,-0.0050,-0.0042,0.0346,19850,0,NONE,0.0000,0.0000,0x55a0721,0x60738e7d92ef3dc71a41279a5ec8a530514cee0a0c54d58c477be3d3155ffa05,21.41,0.1538,2,13
5,0x69c7f6b80d0e57311023b2877bbb74871ff54444,LunaFable,89788166,2026-03-31T10:46:45.529+00:00,16,1,0x32b6d4ce61ed74740c8c1662e77edefaf68a9d76,0,0,0.0000,0,0,0.0000,-0,2,2,C→A,,90.0799,,,C,89788264,43.2628,,,,45,A,89788410,46.8171,,,,138,146,,,,,,,,,,,,,,,,,,,,138,93.0000,,13434,0.5172,244,,,,,605.70,-0.0050,-0.0042,0.0242,21905,0,NONE,0.0000,0.0000,0x55a0ffa,0xb3bbd80be46f5f5e7b1359a96f8239f7180f409d569637d6bd9347f051266cc2,0.00,0.0000,0,0
6,0xa167534d5c37369cf7b781323c3e631564164444,CLAUDE宠物功能彩蛋,89790710,2026-03-31T11:04:57.183+00:00,18,1,0x0934524b6d1a3939c0b502c0709196ae44e537e2,50,6,0.1200,0,603,0.0000,-603,2,2,C→B,,61.3407,,,C,89790713,39.9335,,,,7,B,89790839,21.4073,,,,80,126,,,,,,,,,,,,,,,,,,,,80,73.0000,,5134,0.1624,129,,,,,605.70,-0.0050,-0.0042,0.2561,7557,0,NONE,0.0000,0.0000,0x55a1977,0xa4a66285d45e904adb6778ce957f7be4348a7cb22c30c93101df897dd5325ea0,14.83,0.1200,6,50
7,0x837762a400263ab978cf4c397d86d1e8c65b4444,币安员工的新工具,89794210,2026-03-31T11:46:12.641+00:00,21,1,0x53ca978b225108ea91d5ed9e670c9943cde804d1,5,0,0.0000,0,519,0.0000,-519,2,2,D→K,,88.8857,,,D,89794300,52.7448,,,,62,K,89796338,36.1408,,,,,2038,,,,,,,,,,,,,,,,,,,,62,,,10675,0.4376,2128,,,,,605.70,-0.0050,-0.0042,0.0310,18039,0,NONE,0.0000,0.0000,0x55a2ef2,0x487cb532b24e1dbc074144370113f8a0d8ac1464c86aebd36af42196a5cb820e,8.00,0.0000,0,5
8,0x062d12809745a77d05448f17af5110a5c0de4444,BIP360 ,89799486,2026-03-31T12:40:14.126+00:00,1,2,0x4c740f8e22fc51c2b96fe3460b90758fe6ec61aa,19,1,0.0526,0,0,0.0000,-0,2,2,B→D,,84.1504,,,B,89802599,21.5399,,,,,D,89803544,62.6105,,,,,945,,,,,,,,,,,,,,,,,,,,0,,,12493,0.7306,4058,,,,,605.70,-0.0050,-0.0042,0.4386,34132,0,NONE,0.0000,0.0000,0x55a4b18,0x89cdc8e762ec2c6195ac0dc88bdce17a3e73be52768c6bafd8b080289397f528,14.40,0.0526,1,19
9,0x547658850a36ac199edbc1c768d8698767634444,The Freedom 4,89808294,2026-03-31T13:17:37.969+00:00,9,2,0xec6f2d05c0f2e7081cf827460e91a17feb702458,111,12,0.1081,0,860,0.0000,-860,2,2,B→A,,80.9303,,,B,89808398,20.1331,,,,45,A,89808496,60.7972,,,,103,98,,,,,,,,,,,,,,,,,,,,103,58.0000,,7301,0.2604,202,,,,,605.70,-0.0050,-0.0042,0.6086,10772,1,PROBE,0.0200,0.6000,0x55a5e70,0xc6b33d9eac1d445dc1bf28a18fbe0c3fa2beb9bfc05b8fd88702b64ffaf932d9,9.57,0.1081,12,111
10,0xe21cbfba56b446b79001c449b881fa597fc44444,Communion,89815851,2026-03-31T14:12:57.585+00:00,15,2,0x147fc5ee41f3c98d46fe190098b4fc28b66d3018,65,4,0.0615,0,1484,0.0000,-1484,2,2,D→B,,95.5519,,,D,89815854,51.8977,,,,5,B,89815876,43.6541,,,,57,22,,,,,,,,,,,,,,,,,,,,57,52.0000,,6165,0.4710,25,,,,,605.70,0.0000,-0.0095,0.0326,21588,0,NONE,0.0000,0.0000,0x55a7b44,0x5b25fde58463568108ed8ba3f4936e3884592a56bc23605c0a38633e3d4dce9c,10.54,0.0615,4,65
11,0x20812ae8b4e9f2380072ed80e81ff534279c4444,Finding My Way Back ,89815910,2026-03-31T14:14:29.894+00:00,15,2,0x543e30a7779866ccaec748cefc997de521d5208f,38,4,0.1053,0,1603,0.0000,-1603,2,2,B→A,,122.9440,,,B,89816035,41.3397,,,,25,A,89816081,81.6042,,,,48,46,,,,,,,,,,,,,,,,,,,,48,23.0000,,12138,0.3796,171,,,,,605.70,0.0000,-0.0095,0.1411,17009,0,NONE,0.0000,0.0000,0x55a7c11,0x0a9b35a8ee11c62788e551b2b064b70ed7ed380d27df04e62eba2db7336c9c67,14.75,0.1053,4,38
12,0x15eaaaeab5b4d998620f5cacc9bb06366c264444,McStar,89816427,2026-03-31T14:17:31.613+00:00,15,2,0xd2225bcf148a613a4c31b8477fd7cd9bdca6f220,5,0,0.0000,0,483,0.0000,-483,2,2,D→B,,88.3199,,,D,89816429,45.3841,,,,4,B,89816485,42.9358,,,,28,56,,,,,,,,,,,,,,,,,,,,28,24.0000,,5306,0.0980,58,,,,,605.70,0.0000,-0.0095,0.0785,6330,0,NONE,0.0000,0.0000,0x55a7da5,0x768cb09d3665b51b7dac83761ef85f76c652916160f8bd16817abf0fde539d94,8.00,0.0000,0,5
13,0xe50699aa606bbd22dfd8d65183d86d23a98d4444,苹果周年庆出现的虚拟人物,89818826,2026-03-31T14:38:46.954+00:00,17,2,0x65afbeabaa30916c823cf3e283026c3308de9429,0,0,0.0000,0,560,0.0000,-560,2,2,B→A,,87.9073,,,B,89819155,31.0627,,,,64,A,89819316,56.8445,,,,160,161,,,,,,,,,,,,,,,,,,,,160,96.0000,,11176,0.4096,490,,,,,605.70,0.0000,-0.0095,0.1340,16765,0,NONE,0.0000,0.0000,0x55a88b4,0x30e883c2076ab6e96255f77599f772cb448bdb5e2ec4f2d2c81e8866ffe37cee,0.00,0.0000,0,0
14,0xd4489745d282bfbb695337499a5b58e895ba4444,SHRIMPS,89808758,2026-03-31T14:45:36.747+00:00,9,2,0xd4367bfd77bb1eef476cb8e570ab1cb0a576a66d,156,15,0.0962,0,0,0.0000,-0,2,2,A→D,,100.5961,,,A,89819633,40.7213,,,,,D,89820227,59.8748,,,,,594,,,,,,,,,,,,,,,,,,,,0,,,14319,0.5697,11469,,,,,605.70,0.0000,-0.0095,0.2833,24666,0,NONE,0.0000,0.0000,0x55a8c43,0x26645ee905c98a3f9b9b82564618f6b060f4f903a6a9f1cf8332cba53c6a1be3,13.14,0.0962,15,156
15,0xe7dfec25c3a30264f07173e0b240470946764444,Porco Rosso,89826456,2026-03-31T15:32:36.181+00:00,0,3,0x5bf716933fb7770e92c96bee624df1bea39b0bfc,0,0,0.0000,0,275,0.0000,-275,2,2,B→A,,81.9016,,,B,89826472,32.4485,,,,11,A,89826491,49.4531,,,,14,19,,,,,,,,,,,,,,,,,,,,14,3.0000,,4735,0.0908,35,,,,,605.70,0.0000,-0.0095,0.1338,5565,0,NONE,0.0000,0.0000,0x55aa4bb,0x04e6bd46e1e5a98a0d885aa84b661a10ab352809017e9f293d76c5debc9d2aa8,0.00,0.0000,0,0
