deployer,total_tokens,rugged,honeypots,successful,avg_lifespan_hours,success_rate,rug_rate,score,first_seen_block,last_seen_block
0x0026a784ac97757975ef423c175587da807d9691,1,0,0,0,0.0,0.0,0.0,0.0,88425282,88425282
0x002b5b91ab6ed2284b19fc71fb88c1131c97dddd,1,0,0,0,0.0,0.0,0.0,0.0,87179011,87179011
0x0095e63e614dc57c2b4804a6c43ae6d6eea1f052,1,0,0,0,0.0,0.0,0.0,0.0,87255872,87255872
0x00b9b2922c858cb892a8fef3a0bf90e0a82ea3dd,1,0,0,1,0.0,1.0,0.0,39.037,87305578,87305578
0x012d43a619a0b314f20899371ee0275566e36bf1,1,0,0,0,0.0,0.0,0.0,0.0,88773483,88773483
0x018ac92d168fdb246b5165a3b4cd27b79cbf88ff,1,0,0,0,0.0,0.0,0.0,0.0,87311758,87311758
0x02c89cb00da8aec602587b2f1bb5be7e278a1801,1,0,0,0,0.0,0.0,0.0,0.0,87478480,87478480
0x02f1745740dcb7013b122175611c1adbacceedd7,1,0,0,0,0.0,0.0,0.0,0.0,86856946,86856946
0x03cea8203876b0efbcc7db79f6d90938be91357c,1,0,0,0,0.0,0.0,0.0,0.0,89159884,89159884
0x0461dd279e934623970b730b4cc603e8deaf52ac,1,0,0,0,0.0,0.0,0.0,0.0,89057937,89057937
0x049ac9610a0ceddae2b267f06f6a666176184bf6,49,0,0,4,0.0,0.081633,0.0,24.4405,86856910,89187634
0x04ef3b4c776b9ac67b7455c6a9d654c8bfe70226,1,0,0,0,0.0,0.0,0.0,0.0,87260470,87260470
0x051a53d095d277e22e3d905b10d3bbe75f0ac508,3,1,0,0,0.0,0.0,0.333333,-20.2189,87895542,89201659
0x0644933bb8a1d38a56c3207981950ffd12de0fb2,11,0,0,0,0.0,0.0,0.0,9.8152,86856316,87269597
0x064bc046a5c630b932eab7025999493cf4a0be09,12,0,0,2,0.0,0.166667,0.0,14.6667,86749717,88982210
0x065922e667025d9abbbc45695ad2dce9bdd413d7,2,0,0,0,0.0,0.0,0.0,0.0,88012217,88408367
0x06713c73a2478998711c4d17003e76b2f4dd42ee,1,0,0,0,0.0,0.0,0.0,1.9178,88294364,88294364
0x08bae05a3c42adc6cb9dd29e6e304a151b03c050,2,0,0,0,0.0,0.0,0.0,0.0,88087250,88850252
0x08c4ce677e965953d6fcb715f4d61ea848fb051a,4,0,0,0,0.0,0.0,0.0,4.0,86940684,89046969
0x08dfc48e370012343f25749e63c11ce9c41ea210,1,0,0,0,0.0,0.0,0.0,0.0,87486203,87486203
0x0934524b6d1a3939c0b502c0709196ae44e537e2,50,2,0,6,0.0,0.12,0.04,14.8255,86748749,88993956
0x0950e275d445fadffa6090d5bbb4279a6ab6d1aa,1,0,0,0,0.0,0.0,0.0,0.0,88008557,88008557
0x0a5404adc5b1a08525bb63f63eaef60c8618c5da,1,0,0,0,0.0,0.0,0.0,0.0,88412819,88412819
0x0aeda175d27d2208092a01aab9fbfb2da7d72b32,6,0,0,2,0.0,0.333333,0.0,33.1991,87660430,88998230
0x0cbf80cdda815e0ce42da8faed2272367e03a599,1,0,0,0,0.0,0.0,0.0,0.0,87250633,87250633
0x0d0e8b8e3da668590836ae04b9e0f8102b91ff73,1,0,0,0,0.0,0.0,0.0,0.0,88274738,88274738
0x0d146564c764925787927f900cba9629b9f2a2b0,1,0,0,0,0.0,0.0,0.0,0.0,86862443,86862443
0x0dd6bc75351b491e458e98bf0b62dbe7bf99938f,2,0,0,0,0.0,0.0,0.0,3.0082,86850117,86893725
0x10a887b8c129d6fff4414cfd46000930bc0a5c5d,1,0,0,0,0.0,0.0,0.0,0.0,88205261,88205261
0x10b12f5be17ff27c6196008dac1e4b6877a1c7aa,3,0,0,3,0.0,1.0,0.0,72.8048,86868411,88755156
0x11086a9a90cf41bddcb38c4e3c27e55748ed88f4,3,0,0,0,0.0,0.0,0.0,6.7107,86890260,86922909
0x11128d52f3b31c814116ce84bf63a3ed45f87d0b,1,0,0,1,0.0,1.0,0.0,40.3402,86904020,86904020
0x114c14e3ebd5278680baad702fd468818e7ba356,2,0,0,0,0.0,0.0,0.0,0.0,89033252,89044115
0x12364064102953c83f0424c034179c57d8f83348,1,0,0,0,0.0,0.0,0.0,0.0,88999046,88999046
0x12e86cbbd9fc93b46b1134dce381d3161429adca,1,0,0,0,0.0,0.0,0.0,0.0,87227756,87227756
0x143f09c01088bb17226bdb221bf703cc5960d4dc,1,0,0,0,0.0,0.0,0.0,3.9975,87651536,87651536
0x147fc5ee41f3c98d46fe190098b4fc28b66d3018,65,4,0,4,0.0,0.061538,0.061538,10.5449,87316665,89251044
0x14e2b0cc3b8f341cc3ce36482689c57bb65d6dee,1,0,0,0,0.0,0.0,0.0,0.0,87484209,87484209
0x1596a456fc3cfbcb24a7de6049d05de44676dfe2,2,0,0,0,0.0,0.0,0.0,2.4318,87448297,87453907
0x15b8ceec9120d30c7284d9d5eee9efb3659211ef,3,0,0,0,0.0,0.0,0.0,4.0,87041116,87254844
0x163faa4f5a74270a022bb0368de20fd7ba317b34,2,0,0,0,0.0,0.0,0.0,2.7277,87045840,88367529
0x165a0bfe6c53228efb7ad3b43c25244a168e2cbe,1,0,0,0,0.0,0.0,0.0,0.0,88453620,88453620
0x16ea412315daeb6d4e14f4bafa50ae35749dab3f,2,0,0,0,0.0,0.0,0.0,0.0,88204011,88420317
0x170332b75c0859a39bf7288f6cbf0db94bb1f567,17,0,0,0,0.0,0.0,0.0,10.9724,87041780,89178442
0x17bb3f846ef1dd12d42a25475f75f2225f24039b,3,0,0,0,0.0,0.0,0.0,4.0,87261391,88434412
0x17c7a505f37d0634eeeed79e1ce046e293947e7d,3,0,0,0,0.0,0.0,0.0,4.0,88221253,89059948
0x193575b640ccd6c079ce01aebc75190f13c6b22c,1,0,0,0,0.0,0.0,0.0,0.0,88399012,88399012
0x195eedd642ae54d60343483704bf7c62af5c8419,8,0,0,1,0.0,0.125,0.0,18.558,86920320,89214014
0x19a150e0196906ea0d777d4a3e1f807d4fe60777,3,0,0,1,0.0,0.333333,0.0,20.7924,88101143,88862083
0x19c6ddf40903c6b62f0503c145e6c8d8697a7624,1,0,0,0,0.0,0.0,0.0,3.4122,87243354,87243354
0x1a1fc810b172467702d4e7b5ae1c46090b2a275f,3,0,0,1,0.0,0.333333,0.0,19.8803,88098224,89060164
0x1ab7857bb9593abdd922061955e9a16a5c201226,1,0,0,0,0.0,0.0,0.0,0.0,87148203,87148203
0x1b2ac545d04b6de69f9a7d22fdb5c280d8637f05,6,0,0,0,0.0,0.0,0.0,8.0,86924471,87085393
0x1bdff8298cfef143e63bfdfe8a84315b88a960aa,1,0,0,0,0.0,0.0,0.0,0.0,87118433,87118433
0x1be0ab63359f49226210c90be88d6165975c0f05,1,0,0,0,0.0,0.0,0.0,0.0,88805684,88805684
0x1c059de7e47da08f16214bd44ec990f5efce3b41,1,0,0,0,0.0,0.0,0.0,0.0,87840192,87840192
0x1c05e30eb5dcfa001391eb9e5637c61397549b16,1,0,0,0,0.0,0.0,0.0,0.0,87325765,87325765
0x1c5f853b13ceaaa224e7595c2c74491aafefa2cf,1,1,0,0,0.0,0.0,1.0,-78.1847,87235470,87235470
0x1ce7dec12ebffbbef83b9508e2f55a1be5071328,3,0,0,0,0.0,0.0,0.0,4.0,87851160,88180324
0x1d92ac464735a2232da0eb62899e1171a5bedc57,1,0,0,0,0.0,0.0,0.0,0.0,87067214,87067214
0x1e328b86409e3f6f0eb3cc277b8b83ba15cf4d1f,1,0,0,0,0.0,0.0,0.0,0.0,86940646,86940646
0x1e779cfc22bd0d85f2c891c3815180a2d28ec074,2,0,0,1,0.0,0.5,0.0,22.4022,87078674,87864822
0x1ecf819647d0ad03443113d2f9c311c1538cce32,8,1,0,0,0.0,0.0,0.125,-1.3616,86750271,87280034
0x1ef832120aa68c650e84df4769c5d9616d914014,96,5,0,6,0.0,0.0625,0.052083,12.2089,86844127,89217010
0x1f406743ca1022574b403ebf35450cdb12819a40,4,1,0,2,0.0,0.5,0.25,6.0044,87774782,88519833
0x21d598db36f64488a760d39a7a4fc0ee1507d8eb,2,0,0,0,0.0,0.0,0.0,0.0,88008584,88040438
0x228c74280932182a5daa50b5d1616892d2dcfaaf,1,0,0,0,0.0,0.0,0.0,0.0,89069888,89069888
0x23a6bb06cd1613cf9bc49497f6857dbe31dd990f,13,0,0,1,0.0,0.076923,0.0,17.5501,87054229,88451166
0x23a8d81a21f9d99c993ff733085cf1fca8062f83,12,0,0,0,0.0,0.0,0.0,11.1398,86911572,89234835
0x23cee3b38998893f880c4c8f8e297e7c77313761,49,3,0,7,0.0,0.142857,0.061224,19.3687,86749841,87701401
0x2457153a31bf204478df6f6cd39004c09ec7be17,1,0,0,0,0.0,0.0,0.0,0.0,88848332,88848332
0x249f5c4c816dc95763d8a3c7a0dc8812b939b7c7,2,0,0,0,0.0,0.0,0.0,0.0,87061849,87318533
0x24fc15e45e6700c46ff083b5e22a0086a695d468,1,0,0,0,0.0,0.0,0.0,0.0,88240461,88240461
0x253e3662ec5565e3a479413551e45cb8d1814213,3,0,0,1,0.0,0.333333,0.0,47.3474,87314103,89004417
0x255532467e47c05476f8e7f3c2ab63e567b276b7,1,0,0,0,0.0,0.0,0.0,0.0,86944695,86944695
0x2565420984763d0575eebf16f91dee634224bc9f,2,0,0,0,0.0,0.0,0.0,0.0,87627276,87627742
0x25cd3073058e890a4544a34b50b5ec0014f59b99,1,0,0,0,0.0,0.0,0.0,0.0,87509561,87509561
0x262685f8d19e85731289eed6f0c6343de8f96f41,1,0,0,0,0.0,0.0,0.0,0.0,87227949,87227949
0x26d682b794556683685713c63808b54758bfedc9,1,0,0,0,0.0,0.0,0.0,0.0,89062254,89062254
0x276dc48f05ac93ae92f7f7f92c47ab5644f35ad0,11,0,0,1,0.0,0.090909,0.0,14.9207,86911553,87895532
0x27cd33e941c0da402b20650f4d1381a4b6f08461,1,0,0,0,0.0,0.0,0.0,0.0,88804606,88804606
0x2812fcab8046acf310bf5349e0f1d0ac79ac9dbf,6,0,0,2,0.0,0.333333,0.0,36.5308,86845527,88576432
0x2836148c5178b16edbf426f41e684ae26cb2d403,1,0,0,0,0.0,0.0,0.0,0.0,88205274,88205274
0x28d63f4be70b928767b54296c1ee9d208376b054,1,0,0,0,0.0,0.0,0.0,0.0,87048080,87048080
0x29313b882dec930bdeff70b454049bfa250be315,1,0,0,0,0.0,0.0,0.0,0.0,88232339,88232339
0x297c1046f5a0febdee1aacb31d36effd47e11081,1,0,0,0,0.0,0.0,0.0,0.0,87252263,87252263
0x29b4102701aeb9c000e5c9b4e1ddb9ac2f6c6bc3,1,0,0,1,0.0,1.0,0.0,39.3047,88852027,88852027
0x2a773e19783d31d93fbe2afefb36dc3c5862dfdf,2,0,0,0,0.0,0.0,0.0,0.0,87105565,87456664
0x2aaac3244734313fa6988670e41dfae39fe91544,1,0,0,0,0.0,0.0,0.0,0.0,87208173,87208173
0x2b22aee698052484d5b8fc27b1380fa464611901,1,0,0,0,0.0,0.0,0.0,0.0,87313721,87313721
0x2b34e20163bee7e65be8c37ab8bce522fc54b3ea,1,0,0,0,0.0,0.0,0.0,0.0,88690719,88690719
0x2b4c8ca009a77b51151e0b59ba5f4817fbe03e34,1,0,0,0,0.0,0.0,0.0,0.0,86850065,86850065
0x2b779df772e066e06af66640c513517b00e827a1,1,0,0,0,0.0,0.0,0.0,0.0,88181121,88181121
0x2bbfb9485e5a9a507cb0414e246acc3b56210a83,3,0,0,1,0.0,0.333333,0.0,22.742,87859836,87878743
0x2bdc54bb68c2de45455492c57e825cf8a80b1a5e,2,0,0,0,0.0,0.0,0.0,0.0,87469970,87847672
0x2c043867169d0059ac5a34ae6076089d4f0c3f9a,5,0,0,1,0.0,0.2,0.0,17.0617,88181502,89253808
0x2cdcb3414119c9401e14584c5da8003b199b3680,1,0,0,0,0.0,0.0,0.0,0.0,87856758,87856758
0x2d3e517d0a6eefb1e5bfe23f5dc65e3c74a067e1,1,0,0,0,0.0,0.0,0.0,0.0,89115202,89115202
0x2d5f252bc84d055ff664497208b571917e4f951c,30,1,0,3,0.0,0.1,0.033333,15.8637,86908826,89223074
0x2d7662a0dab9f2a131a76d1c92dae71c2e44cfcf,2,0,0,0,0.0,0.0,0.0,0.0,89224398,89243924
0x2dbbf4a9c1d860ce8008f42da8e30de8d44bc73b,5,0,0,0,0.0,0.0,0.0,8.0,87998948,88569900
0x2df3d699bcec519497fc2e10a9363ecc0f48cd16,1,0,0,0,0.0,0.0,0.0,2.4813,87059733,87059733
0x2e49109d3c09b5bf9cedef730ea99d76db5efb44,1,0,0,0,0.0,0.0,0.0,0.0,86938707,86938707
0x2f84d99c02082f5c478c6794ba49552b03e51e29,1,0,0,1,0.0,1.0,0.0,42.0,88338470,88338470
0x2fcceabe685f25af85bcea70b4aab2ff33fc837b,1,0,0,0,0.0,0.0,0.0,0.0,87087913,87087913
0x301dbffe5b70345ad08fad00ac11807e5b1d96d2,1,0,0,0,0.0,0.0,0.0,0.0,86925897,86925897
0x30d8c8278527a1d8e6e48962c0719ccabb1148da,1,0,0,1,0.0,1.0,0.0,42.0,87142074,87142074
0x31e6049d93f7d634df47e5eab128852d12ffa10a,1,0,0,0,0.0,0.0,0.0,3.4112,87881384,87881384
0x3269f3cccc877e6f1f9ca671e5a735345dee4940,10,0,0,2,0.0,0.2,0.0,22.5973,87084397,89227424
0x3299528e9db2b1f3d7df9432f659347d75295abc,1,0,0,0,0.0,0.0,0.0,0.0,86853107,86853107
0x3338ac5ce491d0eb015c4520baf21e42fe22027c,19,1,0,0,0.0,0.0,0.052632,5.982,86754191,89243789
0x33599803203d787c331a531ad85258166e96cd27,1,0,0,0,0.0,0.0,0.0,0.0,87684008,87684008
0x33c75e8d8249d49ec6f7eff22cdf8c518e2a4cc9,2,1,0,1,0.0,0.5,0.5,-15.9951,87428096,88611619
0x347ffc6db9acc54ac2019795173b9599e8b82bd9,1,0,0,0,0.0,0.0,0.0,0.0,87127783,87127783
0x34bc6469220d4886469a2dd7a2193057d5a0fba6,5,0,0,0,0.0,0.0,0.0,8.0,87418040,87506638
0x34c0ef8330c76328fd9d9500d364792904c0d1c6,5,0,0,1,0.0,0.2,0.0,35.0768,86907061,88095102
0x34e7c6394ea4972ee516c3472af9ee74ffc46a55,1,0,0,0,0.0,0.0,0.0,0.0,87049669,87049669
0x35622dc32575757fa0e57cf160fb61bff487e49e,1,0,0,0,0.0,0.0,0.0,0.0,88661193,88661193
0x35b7b4bce55286758c3c9adf67aff8cb4341b305,1,0,0,1,0.0,1.0,0.0,95.0,87262284,87262284
0x35d3ce0fce89535352e9093832f6bf203b8e41e9,4,0,0,1,0.0,0.25,0.0,16.265,86881248,87883473
0x36551dd0fc070eb264b58591d9f56e366d1b98a2,1,0,0,0,0.0,0.0,0.0,0.0,88172388,88172388
0x36c7ac1faf725c597430cf6f1385eee6cc8df4da,1,0,0,1,0.0,1.0,0.0,79.9924,87421511,87421511
0x382556b6c904ab284a769d9c1ca79c32590e5a33,1,0,0,0,0.0,0.0,0.0,0.0,87697227,87697227
0x3827bb38dd1c74c69e94272cb9e16b14938661d4,2,0,0,0,0.0,0.0,0.0,2.3641,87640724,88254125
0x38d0a7bc7e50632abe2df38e061680455fb89266,1,0,0,0,0.0,0.0,0.0,0.0,88839355,88839355
0x38f0e0bba942f73b972a63f7bf8758f5f0c596b1,1,0,0,0,0.0,0.0,0.0,0.0,88998073,88998073
0x395e0d6c758aeaff3eca6f98161792060c78fbbc,1,0,0,0,0.0,0.0,0.0,0.0,87320505,87320505
0x3a87c19862d53c23b55556cbf65b539dac44db4a,2,0,0,0,0.0,0.0,0.0,0.0,86843809,88770743
0x3acaf3edb63000b615bee89ffb0effa997bcced8,38,3,0,4,0.0,0.105263,0.078947,11.3111,86758138,89243047
0x3b885ea784b9806aac267431fac70ea72162365e,1,0,0,0,0.0,0.0,0.0,0.0,88043143,88043143
0x3cb4dff559945d85ddd1bb75e00661fd325d3d7a,35,0,0,1,0.0,0.028571,0.0,18.0088,86751218,89205674
0x3d6b7a5e2110c3532833f6d8ed30116e7211a6f3,3,0,0,1,0.0,0.333333,0.0,17.3333,86920258,87991100
0x3d91cd5d63ab82b32ddf23703f83960322948b89,1,0,0,0,0.0,0.0,0.0,0.0,89059446,89059446
0x3dc47c21c1159d9e33dea9bdf111a19faedb6937,1,0,0,1,0.0,1.0,0.0,40.3906,86939146,86939146
0x3dd2236200b32176ef59fc9d93c93e4a47d61673,1,0,0,0,0.0,0.0,0.0,0.0,87842879,87842879
0x3e1ce7f6107e8ce6fe1d86fef5a82a2b74f88690,1,0,0,0,0.0,0.0,0.0,0.0,86906401,86906401
0x3e2b233807d97d85ac48e32ec2d20809a5e60f5a,1,0,0,0,0.0,0.0,0.0,0.0,88371742,88371742
0x3e3fcda23854ff6aa1e4e479942f7697cc523800,1,0,0,0,0.0,0.0,0.0,0.0,89173494,89173494
0x3fcdb409bfcdfc73f854a72a378acec27d10ec99,1,0,0,0,0.0,0.0,0.0,0.0,87087726,87087726
0x404901041cc0521f02e48d1368ca30d71ec2adaf,1,0,0,0,0.0,0.0,0.0,0.0,86947404,86947404
0x404cb206f6f8ce00407f3a52e11aa83fb2f7a6b8,1,0,0,0,0.0,0.0,0.0,0.0,89232327,89232327
0x407564c62069d23ab4b7eed3422719370a13d120,1,0,0,0,0.0,0.0,0.0,0.0,87703278,87703278
0x40eeaefdfc659281144984cd87ae7210b8b5dfe2,15,1,0,0,0.0,0.0,0.066667,4.4856,87220492,88410261
0x4112f8c5f8e9261c885744569b3df907a80e373f,1,0,0,0,0.0,0.0,0.0,0.0,88471681,88471681
0x41df8fed9a495f3f781cd6501a25af1b482bbc39,1,0,0,1,0.0,1.0,0.0,42.0,87639887,87639887
0x43150a811cc71eed1594ba5c18a6693598d0040b,1,0,0,0,0.0,0.0,0.0,0.0,88176509,88176509
0x43229f616770a3dc08f23671a5f3e723adcbe184,1,0,0,0,0.0,0.0,0.0,0.0,87047120,87047120
0x44a8e81138364637cf8404953f1fd34fbf53696f,16,1,0,3,0.0,0.1875,0.0625,12.8539,86940461,88982972
0x44ff08dc91b7b3c7309e8670981eb3a66dc2213e,5,0,0,0,0.0,0.0,0.0,8.0,88269262,88868142
0x4518bd4fdaab00f6c553cf3b0a0e454af2b96072,6,1,0,0,0.0,0.0,0.166667,-3.4845,86936128,88645882
0x45d869d18fc77159fa1d0c27ab20f576304d57c6,10,0,0,0,0.0,0.0,0.0,10.7004,87268674,88864474
0x46079f84a21d0a7e597a826090262b83728cbafc,1,0,0,0,0.0,0.0,0.0,0.0,87230744,87230744
0x4612adf5117c291e290149e88e354de39ea73b69,1,0,0,0,0.0,0.0,0.0,0.0,88277916,88277916
0x46236a032136f7ea941f12aab031b1df726c7d70,1,0,0,0,0.0,0.0,0.0,0.0,87317404,87317404
0x462b0877c770cc8c15130953e8c8e86ab11dee1a,2,0,0,0,0.0,0.0,0.0,0.0,87224942,87412765
0x46cb755838659f5157c58f4f061deabb7521f76e,1,0,0,0,0.0,0.0,0.0,0.0,86944751,86944751
0x46f3554d87e1bfaaad093de887aec751958c6b3b,3,0,0,0,0.0,0.0,0.0,4.0,87057086,88794346
0x477761f902a1843db9be960b6f2a395e3a998254,1,0,0,1,0.0,1.0,0.0,42.5244,88076070,88076070
0x47ae16b879bafb7dd0b91f29e4e8c337fc5d2678,58,2,0,7,0.0,0.12069,0.034483,14.4281,86850045,89223201
0x4820b639ec000c024945846b3da2469d3851f87e,7,0,0,0,0.0,0.0,0.0,8.0,86940554,87197085
0x4863988af505f654ba4d5851f49147cad3281c48,2,0,0,0,0.0,0.0,0.0,0.0,86927806,87295678
0x4879ff5e03861bff4b24fe8908c04b705fc08264,1,0,0,0,0.0,0.0,0.0,0.0,87449443,87449443
0x496a946fc8e87337be1a3460d57b0058c58a66f8,1,0,0,0,0.0,0.0,0.0,0.0,89061705,89061705
0x4ac24d1094a8a42a91f75c4425d3bfa33c20bc93,3,0,0,0,0.0,0.0,0.0,4.0,86919091,88805375
0x4b1393030a3fceb03303c4f9896cbf1c6fe7a165,1,1,0,0,0.0,0.0,1.0,-78.7953,86876192,86876192
0x4b23bfb983d6fde6a79ad95d5e3bd11d58905eb4,1,0,0,0,0.0,0.0,0.0,0.0,88177367,88177367
0x4baf9c8c289a59f26b9136726a49777956cc4328,4,0,0,0,0.0,0.0,0.0,7.0968,86759040,87288667
0x4c740f8e22fc51c2b96fe3460b90758fe6ec61aa,19,0,0,1,0.0,0.052632,0.0,14.4012,87051719,89057704
0x4c7da400a220a136202deaeba87ac8aaef22106d,1,0,0,0,0.0,0.0,0.0,0.0,88369437,88369437
0x4cc25be32326573b3a3c2ae58d91fda663b0b0a7,1,0,0,0,0.0,0.0,0.0,0.0,87308793,87308793
0x4d0bdadd59db1030985c0ec9121c0df41d7cbc9d,1,0,0,0,0.0,0.0,0.0,0.0,88859642,88859642
0x4d4a98bc490e892b0a1dd6dfdbc4fe547fcec3bb,1,1,0,0,0.0,0.0,1.0,-78.7362,88452496,88452496
0x4d8128d04966d817e6772fd6376b5d8d6dd24229,8,0,0,0,0.0,0.0,0.0,8.0,86926553,88673614
0x4da228c7c807903f06759f93902ea9452de0de98,3,0,0,0,0.0,0.0,0.0,6.8878,87997565,87998702
0x4e8b0685e0c15ef8c6134eeacc421db7fb36c06d,1,0,0,0,0.0,0.0,0.0,0.0,87242995,87242995
0x4ebbb86ebf51a4d7aa30345a3e58172d0b4e9f28,1,0,0,0,0.0,0.0,0.0,0.0,88382167,88382167
0x4f0f84abd0b2d8a7ae5e252fb96e07946dbbb1a4,11,0,0,2,0.0,0.181818,0.0,21.4812,87235928,88760029
0x4f46fdeb4362c24911530fe71c7fbb14f4218b23,2,0,0,0,0.0,0.0,0.0,0.0,87846377,87880714
0x4fba7643f2daeb94982cabe74fdfcdc5786d493c,1,0,0,1,0.0,1.0,0.0,40.0,88872181,88872181
0x509f557472fb6f78782a64fb4785e9463782498e,5,0,0,0,0.0,0.0,0.0,8.0,87237609,87715218
0x512eeacd4e878c914ee9d393be8c4ca9df4ed22e,1,0,0,1,0.0,1.0,0.0,80.5683,88833684,88833684
0x51e7ca9c07c3ddb94a39fde69c45827027b637a7,2,0,0,1,0.0,0.5,0.0,27.9616,87432205,89204394
0x53ca978b225108ea91d5ed9e670c9943cde804d1,5,0,0,0,0.0,0.0,0.0,8.0,87846545,88420865
0x54224e8131627a4e142830be1e9a595fefe32a96,1,0,0,0,0.0,0.0,0.0,0.0,87299060,87299060
0x543e30a7779866ccaec748cefc997de521d5208f,38,2,0,4,0.0,0.105263,0.052632,14.7548,87515313,89247139
0x553070b6b435dbbe912f99fe6ed487ac8322a47b,1,0,0,0,0.0,0.0,0.0,0.0,88478403,88478403
0x556b8933471427326fe8e682b4d649a9fe78348d,1,0,0,0,0.0,0.0,0.0,0.0,87714988,87714988
0x5615cbe983ede57506f30b6f16992f80ff28efaa,1,0,0,1,0.0,1.0,0.0,52.1226,87453743,87453743
0x5638eaeb940d47f5aa772239789b93e9061edd3d,1,0,0,0,0.0,0.0,0.0,0.0,86909938,86909938
0x56edaccf27d9066b50f77d6dcb8f57f14a8735d9,1,0,0,0,0.0,0.0,0.0,0.0,87424319,87424319
0x573d4f2313d820f50598e5a3a02338cc1d5870b5,1,0,0,0,0.0,0.0,0.0,0.0,86753865,86753865
0x584ff6e87dada98ecb1ef088160950a63f96951d,1,0,0,0,0.0,0.0,0.0,0.0,87126955,87126955
0x5933a735191ddb963109b436fb25934ddb8ded8f,1,0,0,1,0.0,1.0,0.0,43.3265,87086778,87086778
0x5a33f6b64369a7b6d6b282759f1611af29b77bfd,1,0,0,0,0.0,0.0,0.0,0.0,86850197,86850197
0x5a8112509bb497e59ed1013889f2faa15c04e5ec,1,0,0,1,0.0,1.0,0.0,42.0,89106679,89106679
0x5aaa41a9a32b721b6f02d34f32456fb6971bac2a,3,0,0,0,0.0,0.0,0.0,4.0,86902130,88764834
0x5c2788581e0b485b0ce9d1b39174e2d69014556d,3,0,0,0,0.0,0.0,0.0,4.0,87842155,88791708
0x5cb7a8253e684371a94759de8c092341ff67297d,4,0,0,0,0.0,0.0,0.0,4.0,87438231,88774228
0x5d3c7d2d5e43397b19a1b47257ab5eec95abe683,1,0,0,0,0.0,0.0,0.0,0.0,87234598,87234598
0x5dde05dccd76ef5d5dcdd21d3632517e34ba71a5,1,0,0,0,0.0,0.0,0.0,0.0,89174998,89174998
0x5defa59a99eab0c258012b69226dd08aa3f6cccb,1,0,0,0,0.0,0.0,0.0,3.3598,87117627,87117627
0x5df0b9b58223dc3826e85d3045daae3e37f34335,1,0,0,0,0.0,0.0,0.0,0.0,87700543,87700543
0x5e1955ea2f4f558a59447120d933aa4bac6f7ed1,3,0,0,1,0.0,0.333333,0.0,21.1495,87896590,88765718
0x5e1dac5afc2e29561e849910fcd14f7ccafdfeb2,1,0,0,0,0.0,0.0,0.0,0.0,87703722,87703722
0x5e3c35bed4d03a59fb03b0364ec9f3215b495cba,3,0,0,0,0.0,0.0,0.0,4.0,86749713,87448289
0x5f7907413ba571142a6af475c443dcdd7abe8291,1,0,0,0,0.0,0.0,0.0,0.0,87889577,87889577
0x603fc840f40b18c75ef984741e615ec20d51756b,1,0,0,1,0.0,1.0,0.0,83.8152,88678989,88678989
0x609f2c912175f8cd4438c1882f291fa6a4b4c735,1,0,0,1,0.0,1.0,0.0,55.0,88860317,88860317
0x60b6178615bd44737a37c116f460a4cf4be9088e,1,1,0,0,0.0,0.0,1.0,-77.8439,86908889,86908889
0x61066d0c3c88b48207f780a1de473af4760a526a,2,0,0,1,0.0,0.5,0.0,22.3049,87517171,87519176
0x61bf215ff016e26e79dd1ba556fd14da7a311147,1,0,0,0,0.0,0.0,0.0,0.0,87235105,87235105
0x620f4fccd2c14f801713e57e5c654ddcf251094f,4,0,0,1,0.0,0.25,0.0,37.5803,87709996,88377064
0x62f071a5f734c8566110cfa7449f663a5b9d38ee,5,0,0,0,0.0,0.0,0.0,8.0,87098960,88023119
0x63818d2c0da8d736e565f47d72155ed8284f0915,1,0,0,0,0.0,0.0,0.0,0.0,87697519,87697519
0x640f974992fdae9a6daa586dd3b01519ce699524,1,0,0,0,0.0,0.0,0.0,0.0,86868256,86868256
0x64b601b5e83459681d033715f7d4b93b18a0c291,1,0,0,0,0.0,0.0,0.0,0.0,87264993,87264993
0x64c5260c9d2f842254db163ac034c61849caa0af,16,0,0,2,0.0,0.125,0.0,15.0311,86886346,88801856
0x65140480b3321140964c7132c1936512de622088,1,0,0,0,0.0,0.0,0.0,0.0,88194906,88194906
0x6577271c51e78873885f2d65d7fb7e95fa1bdc9b,1,0,0,0,0.0,0.0,0.0,0.0,88059321,88059321
0x6614bb0b6b09cff0da8dfc515e89f1373721156e,2,0,0,0,0.0,0.0,0.0,0.0,87062400,87072389
0x6628ebb93b27528618564b441fe6759bf1227dfb,1,0,0,0,0.0,0.0,0.0,0.0,88061704,88061704
0x66a198302446188cfe12056470e980768734594a,2,0,0,1,0.0,0.5,0.0,37.5,88869105,89278904
0x67b12d6ec2ee6fed24d71a2c22ddd51042e344a3,2,0,0,0,0.0,0.0,0.0,0.0,87084501,87628196
0x6804b7ba2d8eb982cc94529525caa65f4781536d,1,0,0,0,0.0,0.0,0.0,0.0,88767708,88767708
0x6835b874050e857b84d6226c646b4bec26e5948d,1,1,0,0,0.0,0.0,1.0,-77.8996,88202268,88202268
0x683a5c4fc0b0f4ce4ffaa589d2c72922d6b57819,2,0,0,0,0.0,0.0,0.0,0.0,86831596,87224748
0x68d1a4f5b0fe50072b5b887b68787cd06d25f129,2,0,0,0,0.0,0.0,0.0,2.0812,87351790,88858443
0x694cc4a9203047882539ccdc56bb5d269e83bad4,24,1,0,1,0.0,0.041667,0.041667,9.3525,86750355,88231466
0x6a0b92f1247f27b669503b19a8b21850bfb0f30f,1,0,0,1,0.0,1.0,0.0,43.1615,88655043,88655043
0x6a900ee716a579a6ea984015697de9fbf98989fc,35,0,0,3,0.0,0.085714,0.0,16.2704,86905299,89010601
0x6a9a2d39e2882126363d3cfa35945dfd18e55edc,1,0,0,0,0.0,0.0,0.0,0.0,87809724,87809724
0x6b2d3030a564c573fbf5165d7096273e6beabd47,1,0,0,0,0.0,0.0,0.0,0.0,88031416,88031416
0x6c278b612efb99a34611bfeeffe0d095fdcadcb4,1,0,0,0,0.0,0.0,0.0,0.0,87085465,87085465
0x6c8ab6bd67d4df8d131e952edcb00b7e77183b60,6,0,0,1,0.0,0.166667,0.0,33.8333,88073421,88278166
0x6d10600006aca67d923da100b2c2f2c270d1c9b3,1,0,0,0,0.0,0.0,0.0,0.0,87719867,87719867
0x6d3a4313d2b8c93fef5a6d4c6667a05cd754735d,1,0,0,0,0.0,0.0,0.0,0.0,89225240,89225240
0x6eacf770b8f36eb3a5c50490d9550fb91e354e3e,4,0,0,1,0.0,0.25,0.0,16.201,89174749,89206337
0x70977572d18da959f979ca5b146541149b252476,1,0,0,0,0.0,0.0,0.0,0.0,87057378,87057378
0x71bb70d482f53af54f29ef0720ee03acf1f68409,6,0,0,0,0.0,0.0,0.0,10.6937,86869715,88217673
0x72e9a3e8bc027ca329e6d643d23640bd4942b844,1,0,0,0,0.0,0.0,0.0,0.0,86905261,86905261
0x74e08c7f64575fc17e02d295b26f6d1d77be3abb,1,0,0,0,0.0,0.0,0.0,0.0,87082596,87082596
0x75715535a8164b6478131121e6937afe3cb4e331,1,1,0,0,0.0,0.0,1.0,-77.8469,87243779,87243779
0x75a7521e219cf936d2df63c93f1cd49a8de63b0d,4,0,0,1,0.0,0.25,0.0,33.8069,87018728,88796012
0x7646153bf82d4ce7bb22d511815b8e451619af2d,1,0,0,1,0.0,1.0,0.0,42.794,89057949,89057949
0x7659e29a1a08c770c7fb7845f38bc1571dce1d75,1,0,0,0,0.0,0.0,0.0,0.0,86856627,86856627
0x78667855f74bbe1e64718a97f33a824fab79ff09,13,2,0,1,0.0,0.076923,0.153846,2.946,86846011,88463325
0x789800dedc9ef2d039359122d836482f1f4fc326,5,0,0,0,0.0,0.0,0.0,8.0,87249567,88640008
0x78ea14991fd7c4cb38796a5b4b17ad93081e02b9,6,0,0,1,0.0,0.166667,0.0,24.9644,86837491,87883351
0x78f5cd1fdab75fbcac1cc79438e95b205f6fa37e,1,0,0,0,0.0,0.0,0.0,0.0,87826763,87826763
0x79797058fcfd5939cdd8b9865644cf65d08a2c18,2,0,0,0,0.0,0.0,0.0,0.0,86858195,86862272
0x7997512bedeb5579c2bb7c4762500391c7ca4ac8,19,0,0,0,0.0,0.0,0.0,10.8235,86852635,88670207
0x7a87986743b61499d436a0bb4a1edfa60e04749c,1,0,0,0,0.0,0.0,0.0,0.0,88439295,88439295
0x7b2d40d77d45dce5c4e8487b10edf1e6459227a1,1,0,0,0,0.0,0.0,0.0,0.0,87660591,87660591
0x7b709259de8c4753bf48c5eccdf3b6fbfd4c5aad,2,1,0,0,0.0,0.0,0.5,-39.051,87232932,88474701
0x7bddcafff7e86eacb984a94247d41655277fb22b,11,0,0,3,0.0,0.272727,0.0,22.7146,86904470,89175584
0x7d5fa5c1702431fb2630a826ed8cf47206df8c0f,1,0,0,0,0.0,0.0,0.0,0.0,88439951,88439951
0x7da21429ed0953e1b4fd3cfbd3ae4b0d9a73969b,1,0,0,0,0.0,0.0,0.0,0.0,87479756,87479756
0x7dcf275735184a51ade69c7c8e6e54c2dd23aeef,2,0,0,0,0.0,0.0,0.0,0.0,86902151,87221948
0x7e043336ed98fb1aef5cae2606b39bc9a3180e68,2,0,0,0,0.0,0.0,0.0,0.0,87719719,88223393
0x7eaf232fff53499fd3ead3c93924671b149e4837,6,2,0,0,0.0,0.0,0.333333,-16.9832,87066343,88657328
0x7eb196384c5dfd9515841636fad826603f1b8e84,8,1,0,0,0.0,0.0,0.125,-0.2486,87051176,88764713
0x7f98d401dbdbdf95b35aa9fe2574227e333ebbe5,1,0,0,0,0.0,0.0,0.0,0.0,88859806,88859806
0x8024c6561ec0fdf0bba1dd29babd288386f0011b,1,0,0,0,0.0,0.0,0.0,0.0,88038668,88038668
0x803254cfe22cdc624adfce6451452a70b9e499e8,1,0,0,0,0.0,0.0,0.0,0.0,87628339,87628339
0x8069247cecb0b99c6a3fb090f2930f4bcdb8fc14,1,0,0,1,0.0,1.0,0.0,51.2514,89006825,89006825
0x809527906019ab2757bd3becff88972b86cd4912,1,0,0,0,0.0,0.0,0.0,0.0,88755046,88755046
0x814e534d3459e006daec2c2239e42c61163e34f4,1,0,0,0,0.0,0.0,0.0,2.9334,87814723,87814723
0x815d142957a532874ccf22420fa114a62b34779f,3,0,0,0,0.0,0.0,0.0,5.1594,87113741,88838282
0x815f173371323a3f8ea9bf15059e91c9577ef7a7,34,2,0,7,0.0,0.205882,0.058824,21.4362,86780696,89213796
0x81a67ddd046cfd44754e9da64da0373661da321a,4,0,0,0,0.0,0.0,0.0,4.0,86901987,88469594
0x81b8e69713b5a4c4de2c33000766f7b8741a3f33,1,0,0,0,0.0,0.0,0.0,0.0,88010457,88010457
0x8202212fe67ab5e01dbd3febc7319947cb4fb244,3,0,0,0,0.0,0.0,0.0,6.5993,88102228,88273824
0x822c5b72dd0055c90d6a311b1b30e0b53a713893,4,0,0,0,0.0,0.0,0.0,4.0,86829659,88037365
0x83306a97ca130559e4872161a354e9674b07b096,1,0,0,1,0.0,1.0,0.0,81.0725,87835493,87835493
0x839e64bc3a8af5c868669f9b68e4c753e958cfa7,1,0,0,0,0.0,0.0,0.0,0.0,88854608,88854608
0x83af79a6c76f875741456f9bfc0fc9a412632e24,1,0,0,0,0.0,0.0,0.0,0.0,87713841,87713841
0x85ce6f1069b039ef4b7b4749fd311250cd79145b,1,0,0,0,0.0,0.0,0.0,3.5036,88041605,88041605
0x863b57626519e071b9fcc24408a6ed22e9058e79,1,0,0,1,0.0,1.0,0.0,39.5826,88272254,88272254
0x86962ac5345b7df41532737576b441bc064775ed,1,0,0,0,0.0,0.0,0.0,0.0,86849993,86849993
0x889cd168c32a4ca2b133c43e611a23227a6b8d85,1,0,0,0,0.0,0.0,0.0,0.0,88037021,88037021
0x88bf626c2120ed3a73d523c350b167206d68e61d,2,0,0,0,0.0,0.0,0.0,0.0,87084026,88472308
0x89845f6a7a7fcf0626aee216e15108f9e1366fa4,1,0,0,0,0.0,0.0,0.0,0.0,87277163,87277163
0x898e078888fff214f516cea29a3ac2207e8eac7a,1,0,0,0,0.0,0.0,0.0,0.0,88567069,88567069
0x8a27abb1bded62d78929990d8853728e151a78c8,1,0,0,0,0.0,0.0,0.0,0.0,88365617,88365617
0x8a2fc3c6619016afcb992e9021f71a3d4287ad13,1,0,0,0,0.0,0.0,0.0,1.7332,88613304,88613304
0x8a726d0ed8afcf08234f10f9afc017fff1a54269,2,0,0,1,0.0,0.5,0.0,23.305,86872135,87633751
0x8aa9ad83edd1506cd874eefe2b157031a96ce00b,13,0,0,2,0.0,0.153846,0.0,18.1263,86868323,89220758
0x8affc031878725c6bac78d53d74d73e80fdb0cd4,3,0,0,0,0.0,0.0,0.0,4.0,86920277,89250010
0x8b70c3021ddb295cab6359d0fc9442612265b4d6,1,0,0,0,0.0,0.0,0.0,0.0,87398702,87398702
0x8bcedf4ef44de7e9919df8f0d3f8b9268e2fbeba,1,0,0,0,0.0,0.0,0.0,2.1008,89232353,89232353
0x8c33797491a5b1dab4a132817299d8f52beb4ace,1,0,0,0,0.0,0.0,0.0,0.0,87471693,87471693
0x8cce196458b6d37199c83ae0cba51f78e1945ded,1,0,0,0,0.0,0.0,0.0,0.0,87325152,87325152
0x8cd81589283f53c4eef4a2e6c3887cf234a3ec41,1,0,0,0,0.0,0.0,0.0,0.0,87373698,87373698
0x8dbef7eee8c691dc802f8e563112eb3adcbb5b23,101,5,0,10,0.0,0.09901,0.049505,16.3505,86754430,89249631
0x8e634413c6c1155f8cb58bfcbf70c7d00a9cea89,12,2,0,1,0.0,0.083333,0.166667,1.3006,86896732,88824546
0x8f63d19d8d194c4e5c2ffdb18eb2e5252f45f5d8,1,0,0,0,0.0,0.0,0.0,0.0,87717629,87717629
0x900ff2bcca6f124dc5245a06f6988a79b52c6f84,1,0,0,0,0.0,0.0,0.0,0.0,87249274,87249274
0x90c03fa6c5723fc6cd6d10295135a2f752050c41,1,0,0,0,0.0,0.0,0.0,0.0,86903285,86903285
0x9151ef27b5d14a47eee8f312983ee7cd87c9cf75,2,0,0,1,0.0,0.5,0.0,20.0,87022021,87218847
0x92578b93a926ca078a8188d6badfa7386affd4e7,4,0,0,0,0.0,0.0,0.0,4.0,87249385,88659542
0x926b631451983a79c543f47bb92dc71618e32d0e,1,0,0,0,0.0,0.0,0.0,3.4761,88022287,88022287
0x92b740537b705a5f5783120b52855c271e612281,1,0,0,0,0.0,0.0,0.0,0.0,87462137,87462137
0x92d693a469cee71422af071b70df6d24125da075,122,3,0,17,0.0,0.139344,0.02459,16.7625,86751706,89175013
0x92e995844b71b0da995a4b5c59ba0b8e74fc266b,1,0,0,0,0.0,0.0,0.0,0.0,86894644,86894644
0x92fee5fbae5193e02af05f89d9501d732baf8233,1,0,0,1,0.0,1.0,0.0,46.6144,87896552,87896552
0x93908561f67d6205a965b447809f49b3bf405a6b,1,0,0,0,0.0,0.0,0.0,0.0,89036002,89036002
0x963984993520c54f374829a54e2c28bc2f2cbddf,4,0,0,0,0.0,0.0,0.0,7.5585,87701203,87718436
0x965a857867d729807f7d58a4927d421b81b791b7,1,0,0,0,0.0,0.0,0.0,3.9482,87230996,87230996
0x9679a1f00b502a91b79409b5fa4769c5bf3948f2,1,0,0,0,0.0,0.0,0.0,0.0,87994771,87994771
0x9684ed6dd3ceb96a34a68cefba9f02ab7633821c,1,0,0,0,0.0,0.0,0.0,0.0,87703990,87703990
0x96f5da4c341296190e90ce5fd4b93d837b9fdcdb,2,0,0,0,0.0,0.0,0.0,2.273,87314996,87325117
0x9706688a146aff2d2717e06663d3fd1cbdd11653,4,0,0,0,0.0,0.0,0.0,4.0,87798865,88273307
0x9741f919cdce00324e7712c162a150de98ff0202,5,0,0,1,0.0,0.2,0.0,19.6024,86938597,87334655
0x97a1c2efb9cafb6ef1f149bf2b8f3285871e342b,1,0,0,0,0.0,0.0,0.0,0.0,89254924,89254924
0x983418c0db64e04c917797260531a0a8a80a63a4,1,1,0,0,0.0,0.0,1.0,-78.4354,88270472,88270472
0x98586e28689a2d114d84597c6ec556671aca8562,6,0,0,0,0.0,0.0,0.0,11.3432,88839794,89143428
0x98ca0330c8efbcc4fa695d849a9789bc83b32891,2,0,0,0,0.0,0.0,0.0,3.4373,86911287,88094397
0x99a6a6e20b5c09c120e8ba14831559d504b4f312,20,0,0,1,0.0,0.05,0.0,13.882,87438576,89254868
0x99dc8a05e8decae70211ea6f74d7cc29dd163af3,5,0,0,0,0.0,0.0,0.0,8.0,86860853,87818971
0x9a330e6e4fe241af16eefd02c38ca7e66488fb1a,1,0,0,1,0.0,1.0,0.0,42.0,87553101,87553101
0x9a4f7638dee6c88fca72d3f1cd47743ee4912cf9,1,0,0,0,0.0,0.0,0.0,0.0,87501738,87501738
0x9a51d9fecd5c7026e2cfa32854f27d0976e6c2d0,13,0,0,1,0.0,0.076923,0.0,11.0769,87147439,89013830
0x9a99671f24c402c2abb5c753e96dc68a7c85edb6,1,0,0,0,0.0,0.0,0.0,0.0,87649433,87649433
0x9b07564d6ef6dc1fbabeabb4cb19b7039c29f149,6,1,0,0,0.0,0.0,0.166667,-3.2884,86881624,88376721
0x9b199d4f1bb60fdddfa652aa877306d0f2aeeaaa,1,0,0,1,0.0,1.0,0.0,40.0,87454389,87454389
0x9b57e777e3c8b721425e07d41d1cdd6d7acc3278,1,0,0,0,0.0,0.0,0.0,0.0,87067648,87067648
0x9c13d5338a7cd9148ab32ac735f733cb1245422a,2,0,0,0,0.0,0.0,0.0,0.0,88276934,89059428
0x9c701dec4120629207b519cfc4fca620b8b7de22,8,1,0,1,0.0,0.125,0.125,6.4759,86870358,87454974
0x9c8838360d856ad32f26ea91474593de2305ca52,22,0,0,1,0.0,0.045455,0.0,12.3811,87718928,88425483
0x9cecbcb1d232afb419f69b1cc5875e4c29e003ed,2,0,0,0,0.0,0.0,0.0,0.0,88398060,89127022
0x9d729dd97bbd2185e12938dbda2f4db66eda9519,1,0,0,0,0.0,0.0,0.0,3.3036,87426216,87426216
0x9d7fc33db503a0cb7bc906db733f53ba33fcc274,3,0,0,0,0.0,0.0,0.0,4.0,87423976,87431448
0x9da496f90090245d006115f3002d488f2d631169,2,0,0,1,0.0,0.5,0.0,37.5,86911548,87232035
0x9e021739174c058a8947182f2659f9639f6ae8d0,27,0,0,1,0.0,0.037037,0.0,11.7282,86753737,89239098
0x9e1f0f86f5335be54cea232ae922ad3dda97cabc,1,0,0,0,0.0,0.0,0.0,0.0,88019599,88019599
0x9ea0a27bce074ff5a6c03b49518048be1555fa95,1,0,0,0,0.0,0.0,0.0,0.0,87245040,87245040
0x9eadeca1ebe1f6d339184f61505bac9fff9aa2c5,1,0,0,0,0.0,0.0,0.0,0.0,86898077,86898077
0x9ef862a13df9e24b82477f739d6142e04d294b45,1,0,0,0,0.0,0.0,0.0,0.0,88963170,88963170
0x9f193cfe01d486cfafe73de3c15ea2701fcfb034,1,0,0,0,0.0,0.0,0.0,0.0,87423445,87423445
0x9f7e8209754b545764a99911f4a45e5b0e5905d7,5,0,0,0,0.0,0.0,0.0,10.8583,87098824,89059724
0xa01ee46fd96c02e4eabf7c5889e79328f02819bd,1,0,0,0,0.0,0.0,0.0,0.0,87895626,87895626
0xa076422a3731930180576286c896574117df0451,2,0,0,0,0.0,0.0,0.0,2.3718,86920284,88906994
0xa07c0ba78be732348a64fa264cf8026e79bab3d5,2,0,0,0,0.0,0.0,0.0,0.0,86852216,89086286
0xa13cdeeef5dfcfec5e0c93cea05fad24b734ad9d,1,0,0,0,0.0,0.0,0.0,0.0,86780718,86780718
0xa206d7c65a828f05ae8662c204c5626a751d93ac,1,0,0,0,0.0,0.0,0.0,0.0,87661310,87661310
0xa24d7064fe00e12b7277b5fe507406a5a9735e53,1,0,0,0,0.0,0.0,0.0,2.4043,88596179,88596179
0xa37062d5ad23fca7d41ad83137a9c438ae21349a,12,0,0,1,0.0,0.083333,0.0,18.6285,86850778,88790787
0xa3c049a943e31e19a35061984a76025dd2a70e77,3,0,0,0,0.0,0.0,0.0,6.6075,87098383,87450571
0xa410d5591b2b85d5176c402deddfb23135928ec7,1,0,0,0,0.0,0.0,0.0,0.0,88773941,88773941
0xa415512dbf16889959ee526c758eeafccba26da9,14,0,0,0,0.0,0.0,0.0,8.0,86751128,88456569
0xa478d46c8304b5f3c187a5427ba224ec001849cb,1,0,0,0,0.0,0.0,0.0,0.0,89046762,89046762
0xa4d774a333bb49810e9c51ee708c0bffb80b6e9d,1,0,0,1,0.0,1.0,0.0,39.5348,88709210,88709210
0xa60e892ab5fbf4754e3052b7643e48a1bd6b3065,4,0,0,2,0.0,0.5,0.0,36.4987,87130454,88848983
0xa642279609a6cb1c8a1ef8b723e3feb1224c194c,1,0,0,0,0.0,0.0,0.0,0.0,88397150,88397150
0xa79d205b5bde85767c9dcb12d83808aec9c0d9b3,5,0,0,0,0.0,0.0,0.0,10.0759,86749668,86944970
0xa83b73f5644cde337b61da79589f10ea15548811,3,0,0,1,0.0,0.333333,0.0,20.0337,87841576,89020568
0xa86a4e037f355c1ba48cad4933669bded77e594c,5,0,0,1,0.0,0.2,0.0,37.6814,88213737,88794550
0xa9ee9ef3e0e0bcf6501f117015776bcb3b8cc794,13,0,0,2,0.0,0.153846,0.0,21.4124,86879345,88656225
0xaa44ed93e77fcecffaeaca990d3f0666ca9a2a8e,1,0,0,0,0.0,0.0,0.0,0.0,89070535,89070535
0xaad2dec94f0074a9ab4d0767df848a52788a5a85,1,0,0,1,0.0,1.0,0.0,47.0924,88862430,88862430
0xac0ca59b4afe2082e0a2a2b3d96e154b364a3ea4,6,0,0,2,0.0,0.333333,0.0,26.7759,87135198,89206427
0xacfd93db723a5255241551675fc9fb9f01dbdced,1,0,0,0,0.0,0.0,0.0,0.0,87707364,87707364
0xadfce9d91cd52b76819c8d9f71964d51dcb8d263,3,0,0,0,0.0,0.0,0.0,4.0,88222137,88271866
0xae0ae9487065b20d190a21e870c98aa7912b90bb,28,0,0,5,0.0,0.178571,0.0,23.7423,86873812,89240828
0xae8c69909e4395113b8d146247e8eecf489cbd0a,7,1,0,0,0.0,0.0,0.142857,-1.0525,86856706,87628967
0xaedb3031af179afed2c655ee2cca4483fdf8a17b,1,0,0,0,0.0,0.0,0.0,0.0,89208595,89208595
0xaf02ed92699c10b0d70da0d75474dd4b34655689,26,2,0,2,0.0,0.076923,0.076923,13.9421,87214653,88772302
0xaf8de02b59c40b5a22b3f45f904bc774795ebe59,3,0,0,0,0.0,0.0,0.0,5.6815,87211999,88478285
0xb1bb5b5a92c028240658cd03d3c60d7cd831bf00,10,1,0,0,0.0,0.0,0.1,1.3954,87721723,88968529
0xb1f93b7951d53d93bc84bf55cfd4f67a019c7cfa,1,0,0,0,0.0,0.0,0.0,0.0,87715439,87715439
0xb23369ad9bc4c8190964b765b14020e43a1407a3,2,0,0,0,0.0,0.0,0.0,0.0,86861068,86863836
0xb28d0ff21b8ae32f3601816a3fdff7faec94d137,5,0,0,0,0.0,0.0,0.0,8.0,86896497,87864254
0xb3934c8806ba5afacaa8564396b5d70e30bde03b,2,0,0,0,0.0,0.0,0.0,2.6836,88085365,88452998
0xb3d0b2a8700ee22ce12d33bd304c5275a32b9274,2,0,0,0,0.0,0.0,0.0,0.0,86945392,88076027
0xb405cfd0958f86d5a4e6f5fc519624055324382b,3,0,0,1,0.0,0.333333,0.0,49.0,86867343,87227225
0xb41d1207acfc5626aa61ab1a09abf7c220e1e434,2,0,0,0,0.0,0.0,0.0,0.0,86893595,86903384
0xb44e527632f7bf15ef1741667a13bf7e1f6fe4b9,1,0,0,0,0.0,0.0,0.0,0.0,88342421,88342421
0xb469ee92850af5a7b9e8b81766cc42314c95d043,1,0,0,1,0.0,1.0,0.0,45.0812,88074250,88074250
0xb53fba5533244773967913bd8cdd07897c492719,3,0,0,0,0.0,0.0,0.0,7.4732,87219040,87993007
0xb5755853145efd17d464176bec0aebbd253f9c24,8,1,0,1,0.0,0.125,0.125,6.1405,87986905,88947573
0xb65d4a7c86bfa8b50be280d98aa6ac165941c77e,1,0,0,0,0.0,0.0,0.0,0.0,88408065,88408065
0xb6ea88b6e37443d18b77428f79ef28e5a55d400f,1,0,0,0,0.0,0.0,0.0,0.0,87844169,87844169
0xb746b26b94d14374333bd6ddd0f12d96be721f00,4,0,0,0,0.0,0.0,0.0,4.0,86843955,87577868
0xb750cb317ce8a4c94f18da436e8dcb82489ffb47,2,1,0,0,0.0,0.0,0.5,-37.7608,88679501,89278891
0xb83ae281cbd1a3eece0fef1a13ca0a5b268e3c81,16,0,0,1,0.0,0.0625,0.0,13.2009,86847422,89231195
0xb854c84c540e711356778bc46d929f25c3188430,1,0,0,0,0.0,0.0,0.0,0.0,87453590,87453590
0xb8836f67e8a279712d512bf3f00fb0cf3a4285e2,1,0,0,0,0.0,0.0,0.0,0.0,87235360,87235360
0xb883cb044e8225adbd8f6d7656dc6f43bf55a9b7,1,0,0,0,0.0,0.0,0.0,0.0,87062806,87062806
0xb8b52201463adc5793be32ed15359e01542f06ba,1,0,0,0,0.0,0.0,0.0,2.7819,87224164,87224164
0xba781e8592216bc28f8279b1ff09d9a24ee48705,5,1,0,1,0.0,0.2,0.2,1.5678,87127296,88226285
0xbb6acb5719c9f9a795a0c556e1423944ada77199,1,0,0,0,0.0,0.0,0.0,0.0,87090502,87090502
0xbc3adb3819a18f4d9303d4313e3fe463dca157ba,1,0,0,0,0.0,0.0,0.0,0.0,89185687,89185687
0xbc640a169dcbc4873eb99bce6b66a470f639b9e7,1,0,0,1,0.0,1.0,0.0,40.0,89020454,89020454
0xbc955ca56a2affc0f7d485bb0639bfa81662eb49,4,0,0,1,0.0,0.25,0.0,18.5186,86898957,87024691
0xbca1cf24a02950981d4a25d2ea532f2a131010ff,10,0,0,1,0.0,0.1,0.0,26.0564,86911553,88478256
0xbd98ed1ea4b6284c162238740584c6ace4b4e288,2,0,0,0,0.0,0.0,0.0,0.0,87128155,87323461
0xbea9c26b291e4a67d95dd238cebb9a3ce607522a,2,0,0,0,0.0,0.0,0.0,0.0,87227781,87312901
0xbf05250cecb57258a8baf32df953ad123f795dce,1,0,0,0,0.0,0.0,0.0,0.0,87086726,87086726
0xbf6a2a7df36b97c849eab4e49cdeb1051081e0ac,1,0,0,0,0.0,0.0,0.0,0.0,87229766,87229766
0xbfe79e2b134edea02a27971ec5f5cd6f86808c35,1,0,0,0,0.0,0.0,0.0,0.0,88776939,88776939
0xbfea38e4e5006e1af51d699420e3a282eac7cf0e,1,0,0,0,0.0,0.0,0.0,0.0,88032058,88032058
0xc05be905431727c81aa2ff1e7f3f18410d412fa8,1,0,0,0,0.0,0.0,0.0,0.0,88580912,88580912
0xc08a4b847770c731fbed22ec5346344e6033309e,1,0,0,0,0.0,0.0,0.0,0.0,88035627,88035627
0xc22716deb67f01d4da5e6772a1bb45763251c7f6,2,0,0,1,0.0,0.5,0.0,20.0,87067442,87124419
0xc23357ae253701aa6bf4eda6ebb0ff99fab04131,1,0,0,0,0.0,0.0,0.0,0.0,86909403,86909403
0xc2e9cd167eb456807ced8108fd608f7ba67902e6,2,0,0,0,0.0,0.0,0.0,0.0,87042367,87812259
0xc2f4fc59fa44502aaf7ea33546b89693a69f9f6a,1,0,0,0,0.0,0.0,0.0,0.0,87041962,87041962
0xc4011f1b79dda4667126255fbbaec5a07c89abc6,1,0,0,0,0.0,0.0,0.0,0.0,87293323,87293323
0xc4865c53882b9f6f7c1ffaf080c1ee0865f5834d,1,0,0,0,0.0,0.0,0.0,0.0,88855502,88855502
0xc4aacf79dfcf0734ed122d5a5813fec192adf087,1,0,0,1,0.0,1.0,0.0,40.0,87072776,87072776
0xc4e921c2fae4554716190988ed0ed13051d93d95,5,0,0,0,0.0,0.0,0.0,8.0,87319725,88425964
0xc55d3c892477d44b002ff0b150fc7372e6967532,1,0,0,0,0.0,0.0,0.0,0.0,86930291,86930291
0xc5a2119df7a617747734c42c91783d604a61b77d,1,0,0,0,0.0,0.0,0.0,0.0,86848192,86848192
0xc5e39c5f47917556c42df062151827e4eb4a6314,1,0,0,0,0.0,0.0,0.0,0.0,87111456,87111456
0xc61407e4cbcaf4c71913bdf7f3ff205145a96e15,2,0,0,0,0.0,0.0,0.0,0.0,87051164,87051353
0xc694bc91de4b6397abfbabc9d1293c4ffc2f2863,28,1,0,1,0.0,0.035714,0.035714,11.9249,86848055,89178772
0xc6b73cb9259f8e7446d9dcf7a579a7e0a049f706,3,0,0,0,0.0,0.0,0.0,4.0,88680165,89083021
0xc714f7d0744d72f9490c66908f4805b2cfdaf784,1,0,0,0,0.0,0.0,0.0,0.0,86928571,86928571
0xc726a8868cceec8bc9846bd68dda71c9496b6f63,1,0,0,0,0.0,0.0,0.0,0.0,86859561,86859561
0xc7646e164c00eec3d97a6a9c93f9c5ff93242b57,1,0,0,1,0.0,1.0,0.0,40.0,87114888,87114888
0xc7c471c5687b931c98caa7260ba1f3ffebff130b,1,0,0,0,0.0,0.0,0.0,0.0,87049752,87049752
0xc82cc3e9af1f87ef89354a26f12f5b0d231893db,13,0,0,4,0.0,0.307692,0.0,26.6314,87061998,89004917
0xc883709f1ac0f4a2b3230cc20a1669eb9a2552a9,1,0,0,0,0.0,0.0,0.0,2.002,87453931,87453931
0xc8bc18d4e5e996f9b6c8b8b76cda8584c0874778,1,0,0,0,0.0,0.0,0.0,2.6841,87904990,87904990
0xc9185dd5696e45e743c26270ae83c6c80b9818a4,3,0,0,1,0.0,0.333333,0.0,20.4999,86759001,86956578
0xc937a2e034b7dbbce005653c82737003fed680ab,1,0,0,0,0.0,0.0,0.0,0.0,86922116,86922116
0xc9979f04105ef5bd1a8f1f812d5d43ed0ab129be,1,0,0,0,0.0,0.0,0.0,0.0,88160755,88160755
0xc9a4b2390f1cb6acce46f6e69cbcfccbffe4bf68,1,0,0,1,0.0,1.0,0.0,40.487,88221208,88221208
0xc9f01cdfd6d672ecc5538082301c4f63a31b5e4f,2,0,0,0,0.0,0.0,0.0,0.0,87339313,88174551
0xca43174eab80dbcb647613c4737d495594e92a32,1,0,0,0,0.0,0.0,0.0,0.0,86899757,86899757
0xcb21ce234cb177f11dc5c5bbca62400a43307694,1,0,0,0,0.0,0.0,0.0,2.7169,87455889,87455889
0xcb58d56244b96fde226439734002997fbafbd69c,6,0,0,0,0.0,0.0,0.0,8.0,86944763,87331987
0xcb65a4da832210ce85dfe92890705f001faa4e94,1,0,0,0,0.0,0.0,0.0,1.257,87645072,87645072
0xcb6e5fc891ea3d3e07c5505ddb5e2bbacb27a093,1,0,0,1,0.0,1.0,0.0,40.0,88468007,88468007
0xcdbb9732175a9eeebb1815f73e71f47ba545ca88,2,0,0,0,0.0,0.0,0.0,2.6899,87366044,87372492
0xce2a75f63d827f166c1cd30a69228bfd18539a17,1,0,0,0,0.0,0.0,0.0,1.6152,87123353,87123353
0xcfe9a892122e26bdc632d9f6c14814c1a894f874,8,0,0,0,0.0,0.0,0.0,9.5172,87230711,88238419
0xd08751b9bf31d1cb8baa854267c3829aacacb3de,30,0,0,4,0.0,0.133333,0.0,33.6928,86856574,89238923
0xd2225bcf148a613a4c31b8477fd7cd9bdca6f220,5,0,0,0,0.0,0.0,0.0,8.0,86749529,88677577
0xd2a601ffefc41e7a0cee6169a682b2c92ae0ea22,1,0,0,0,0.0,0.0,0.0,2.8813,88010613,88010613
0xd35dbc8648480807080e7e831bbff479a585f8e4,1,0,0,0,0.0,0.0,0.0,0.0,86897473,86897473
0xd3d21c3efe4aac43cad819e930ad6f005d1b7b2e,4,0,0,0,0.0,0.0,0.0,4.0,86894824,88784482
0xd41feaa24dede516a501862cf1f376defb811772,22,0,0,2,0.0,0.090909,0.0,16.2475,86851464,88954926
0xd42c3c55a3da49743b89276e1784e2aab10a6ed7,1,0,0,0,0.0,0.0,0.0,3.0087,88465279,88465279
0xd4367bfd77bb1eef476cb8e570ab1cb0a576a66d,156,8,0,15,0.0,0.096154,0.051282,13.1429,86752571,89239096
0xd44e17d5daeab4ec126e2c8395758b55f959298b,17,0,0,3,0.0,0.176471,0.0,29.311,86905268,89234027
0xd466df04fd0dec5fa9a3c44442589626bb7f6c7b,2,0,0,1,0.0,0.5,0.0,45.2834,88839375,88858502
0xd46c089bf6a0f73388701b4cc7c2c205555ffd20,1,0,0,0,0.0,0.0,0.0,0.0,87702144,87702144
0xd5a53789bbf3226af70d6337ebc7c091e27efca6,3,0,0,2,0.0,0.666667,0.0,59.755,87099293,87469042
0xd60bbaef832bfcee12e2190d7d42dd1830bfba91,1,0,0,0,0.0,0.0,0.0,0.0,86932400,86932400
0xd631d5be8018a1f7929809dee4b857a7dcaccef7,2,0,0,0,0.0,0.0,0.0,0.0,87057884,88086535
0xd635f2418ee5083f744d5a2411e1fb649141017b,6,0,0,0,0.0,0.0,0.0,8.0,86854877,88036420
0xd6500e1cda9f1b42490e9170fbc352a1829d0ff8,1,0,0,0,0.0,0.0,0.0,0.0,89072306,89072306
0xd6501b4c924eda70ac23e0866d394061de3213f8,5,1,0,0,0.0,0.0,0.2,-6.4347,87216606,88099118
0xd6e10e5d7967c5eacb716b3e8a7fd7f6367d18ab,2,0,0,0,0.0,0.0,0.0,0.0,87448976,88221210
0xd758365245f5ce8a60a72dc9cd20c4b0e854e090,1,0,0,0,0.0,0.0,0.0,0.0,87423261,87423261
0xd7bc6bc24b0f66cbfa78df2e3d9e62c294363e40,20,0,0,2,0.0,0.1,0.0,25.9312,87148193,88856888
0xd7f90d2e242bd1191130a5bf6564af7a27cfc446,1,0,0,1,0.0,1.0,0.0,39.1369,87221664,87221664
0xd82913909e136779e854302e783ecdb06bfc7ee2,1,0,0,0,0.0,0.0,0.0,0.0,86861553,86861553
0xd88a984af5c56ec4a6b4299ac9ca856b4d009773,1,0,0,0,0.0,0.0,0.0,0.0,88579761,88579761
0xd8fe5585797bd20f10c77a1dba203184d3f2ccfb,14,2,0,5,0.0,0.357143,0.142857,21.608,86871499,88670258
0xd975cd7231d069fe00346a457dda8b9326b8136f,3,0,0,1,0.0,0.333333,0.0,19.8258,86936515,88778976
0xd9d82b4282a03f65251e127ea31d04d192ced297,7,0,0,2,0.0,0.285714,0.0,43.7143,86988898,87426632
0xda81f65685e7df88038b92a07d4a465580e93988,1,0,0,0,0.0,0.0,0.0,0.0,87139322,87139322
0xdadca49e762abb5c904223d73388eb9dcceba21c,38,1,0,1,0.0,0.026316,0.026316,13.1573,86823308,88964539
0xdb3ecb4f2e11df75a38b041c2762ceb70cfa7f3f,2,0,0,1,0.0,0.5,0.0,45.4406,87872659,88000006
0xdbba1a9db1025f679dc731cd070bb1bfa9f6fdd8,1,0,0,0,0.0,0.0,0.0,0.0,89069723,89069723
0xdbc9bcd47bd51fbbf7158679ab2b61e0d023c9ac,1,0,0,0,0.0,0.0,0.0,0.0,87066070,87066070
0xdbfa789cbc07028a679adb3f4e0b9b653a8c27da,1,1,0,0,0.0,0.0,1.0,-77.806,86936545,86936545
0xdc9c6ddc7df0b953d89b026b1074620fbd26623b,1,0,0,0,0.0,0.0,0.0,0.0,88061247,88061247
0xdd4f1ec1931b21b8ce0a9ac131b410cb2f8d9a52,1,0,0,1,0.0,1.0,0.0,40.0,86896987,86896987
0xdd51039d6ccc200926707e3d9a74ae659bd8a56b,3,0,0,0,0.0,0.0,0.0,4.5011,87094927,87701003
0xdd7ed5d854a6a7a9235ff6ae591d18003c19081e,1,0,0,0,0.0,0.0,0.0,0.0,86864572,86864572
0xddbf8466011e03ccf3052e790500b6891a1b030d,1,1,0,0,0.0,0.0,1.0,-78.8919,88642500,88642500
0xde1d588cd2bb1b4341cd3ac47e83d2e5c3bc2a8e,1,0,0,0,0.0,0.0,0.0,0.0,87266077,87266077
0xde8c7fc0810e803f39d7214fb7f8c41ea4ccfd6b,1,0,0,1,0.0,1.0,0.0,95.0,87747923,87747923
0xdf2237114d595e0bf4d35cbcdebcdf43c55c4669,6,0,0,0,0.0,0.0,0.0,8.0,86858650,89054894
0xdf8940eb8c8dc65ca0ceb85fd02731efa5907fa7,1,0,0,0,0.0,0.0,0.0,0.0,86859426,86859426
0xe06b59a2f1e4a5b291569ec664a4723b66c3b112,1,0,0,0,0.0,0.0,0.0,0.0,86898034,86898034
0xe1864608996c9e5d94645d044ab60eb0faf26e18,1,0,0,0,0.0,0.0,0.0,0.0,88310671,88310671
0xe1d67975251d688bfc7e3ac5b50d39efaf070319,1,0,0,0,0.0,0.0,0.0,0.0,88057954,88057954
0xe27c5afa718c3eab923ce9e46d3f28a7a098793a,1,0,0,0,0.0,0.0,0.0,0.0,87265863,87265863
0xe31ca42e1fdf40ffd0648981cf48aee2f2c4856f,3,0,0,0,0.0,0.0,0.0,5.1679,87227978,87812065
0xe37776cbc58ece10ec92af65359a373ddfc33309,2,0,0,0,0.0,0.0,0.0,2.3472,87702891,88310360
0xe41d8bb1efccd74af4f2cf20f18ca513656d8f88,1,0,0,0,0.0,0.0,0.0,0.0,87229881,87229881
0xe437fc48e8f2313c5412969eb9d5029d4b8095d3,1,0,0,0,0.0,0.0,0.0,0.0,86845651,86845651
0xe5a787ef6aa5ed67ba50d3e76fe7fd1bc63fed4f,5,0,0,3,0.0,0.6,0.0,50.2841,88528842,89015668
0xe5b42ebe00a66036e54b8c505e5e1edca60648db,4,1,0,0,0.0,0.0,0.25,-14.323,86886011,88403039
0xe5c11088d74734b6e5afaa4a7ccc95e3c7045471,1,0,0,0,0.0,0.0,0.0,0.0,87313329,87313329
0xe5e3c83bdb9758d7f3c9e73bc7b5aacd061733a4,1,0,0,1,0.0,1.0,0.0,43.2125,88854404,88854404
0xe6702cbc07529ca97c7bb8316654b6f74712cf44,1,0,0,0,0.0,0.0,0.0,0.0,87030993,87030993
0xe6f3e855841f84eb2b1e833ed2501a28b721b3e1,1,0,0,1,0.0,1.0,0.0,45.4126,87422277,87422277
0xe731f2fda1dc51d229657c3cbae46214692026a1,3,0,0,2,0.0,0.666667,0.0,60.6667,86911548,88478228
0xe74e482b8792a1158c2f774ca987e3e61dfc8bc2,9,0,0,1,0.0,0.111111,0.0,14.9714,86846045,88377571
0xe810bc023acd1e59c28024e7b14ec2e52c249083,14,1,0,1,0.0,0.071429,0.071429,10.231,86927698,87700115
0xe8284169ef3c671ad469ce6d666dc9d75d00a20a,1,0,0,0,0.0,0.0,0.0,0.0,87316403,87316403
0xe839ae108c03861a608304e506b47ff10cb71226,1,0,0,0,0.0,0.0,0.0,0.0,87230636,87230636
0xe881f671b1ede86d4a8e3315ce13b77257ec7525,34,1,0,10,0.0,0.294118,0.029412,26.3753,86753359,89250110
0xec6f2d05c0f2e7081cf827460e91a17feb702458,111,9,0,12,0.0,0.108108,0.081081,9.5682,86845855,89160108
0xecfb1583a93a529ac9abaa28c4b5a6bb18ae02a1,1,0,0,0,0.0,0.0,0.0,0.0,87249695,87249695
0xed31ec8e8d5e8eda01371602bfad4cebf0dd7e6c,2,0,0,0,0.0,0.0,0.0,0.0,87247581,87253140
0xed4f45c475ca7356c5e0b88d448c0793d029ba30,10,1,0,2,0.0,0.2,0.1,12.6804,87223921,89210665
0xeda94f2cc1b678b5e859dd569ba1fcb521cd3b42,1,0,0,0,0.0,0.0,0.0,0.0,88285204,88285204
0xedbe78e95d0b5d79d4cebf79730d7f5954f75e2f,1,0,0,1,0.0,1.0,0.0,40.0,87267625,87267625
0xee0b2f6f7da9debb96a6f4ac339d8363fc603a9d,2,0,0,1,0.0,0.5,0.0,22.1392,86751998,86858284
0xee191858b3f5846ebaf31fbafaa484222c92b45d,7,0,0,1,0.0,0.142857,0.0,17.0671,86813546,88472241
0xeeef50da2792a934ceeebb801066975f8177f2e4,1,0,0,0,0.0,0.0,0.0,0.0,88180442,88180442
0xeeefff8ce2710fa490e0fcb794235e873c252d2e,66,1,0,13,0.0,0.19697,0.015152,25.7837,86894402,89011001
0xeef2aabf9fa8c9266da7c6185198e82aa0bef05a,1,0,0,1,0.0,1.0,0.0,42.3916,87400148,87400148
0xeefb0bc08b47098686a37b04a0c05fd73bfb8cb5,1,0,0,0,0.0,0.0,0.0,0.0,87051212,87051212
0xef3a2e8f40257eedb1a51111360bb3f97773cfaa,12,2,0,1,0.0,0.083333,0.166667,-0.3309,86852464,88859000
0xef69c152daeeda497141269eab8100dd8bd98b37,3,0,0,0,0.0,0.0,0.0,4.0,88062214,88216403
0xf0471c597e77fa1b7f0d5eaf797f5f13211d6a51,2,0,0,0,0.0,0.0,0.0,0.0,87470085,87483243
0xf142a72aafc275a6fa453a8decb30f30b1cf64be,1,0,0,0,0.0,0.0,0.0,2.587,86875181,86875181
0xf16cfddad5b488c37cf4acb7c1253a046b18a998,1,0,0,1,0.0,1.0,0.0,40.0,88171730,88171730
0xf1957e1cbf238e7ede0808cdc23774769984ea9b,3,0,0,0,0.0,0.0,0.0,4.0,87228516,87622337
0xf1ec3fad33100c693919d7e8dea308bb5ea3305c,2,0,0,0,0.0,0.0,0.0,0.0,87262226,88001777
0xf20316c0636794bf4b889f652dd75afdbe23d5ed,1,0,0,1,0.0,1.0,0.0,40.0,86770445,86770445
0xf248fc80a4d3da6125c81c18e31244eeaa189308,4,0,0,1,0.0,0.25,0.0,25.2043,86944743,89059673
0xf29ee24d01793a7dbb93760b0096cb729ede3bff,1,0,0,0,0.0,0.0,0.0,0.0,88431246,88431246
0xf2a3bda4d0da5846b4634cde1395c478037ddb13,1,0,0,1,0.0,1.0,0.0,41.9663,87834042,87834042
0xf38ce55fe4e517e77e1056a54e64f22d43d88c3a,30,1,0,1,0.0,0.033333,0.033333,12.5698,86922124,88871823
0xf39ba554595160ce6160132a03cf759995ecf779,2,0,0,0,0.0,0.0,0.0,0.0,87875207,88461659
0xf3ad250e8f0696480e00edaed6f68a6cf60b4439,2,0,0,0,0.0,0.0,0.0,1.219,87040565,87062006
0xf3b01d12ae9b519c9121a785fe5500b20ba64fae,3,0,0,1,0.0,0.333333,0.0,17.3333,87232932,88839352
0xf4cebee81e876d7b9c9f53b53b96fcba0fa41b59,4,0,0,2,0.0,0.5,0.0,37.1652,87407624,88196641
0xf52587acc18f3b4b0c816fae0a10201f8c0dab6d,1,0,0,1,0.0,1.0,0.0,42.0,88922234,88922234
0xf5a8a25dd1976585631eacdfebd5f0a0296d5361,1,0,0,0,0.0,0.0,0.0,0.0,87082901,87082901
0xf5d15fbaf534cf4b1a46a1637abee06521d40b5b,3,0,0,1,0.0,0.333333,0.0,19.7068,87075458,87240312
0xf63fce670c8ac2faeb1e2cc4f51641d1d96db949,1,0,0,0,0.0,0.0,0.0,0.0,88853892,88853892
0xf6f298819989efd891684bedf88f84ab6c6f05bb,1,0,0,0,0.0,0.0,0.0,1.4195,87394818,87394818
0xf74071801383e965da2047224ef4036d0cf2926d,1,0,0,0,0.0,0.0,0.0,3.4541,88095241,88095241
0xf77011e5c66815fafed85b8b19e85e45611ed7a5,7,0,0,3,0.0,0.428571,0.0,32.8219,86753266,88912900
0xf7adcaf376fd0a131f3d49a0e38a476d2d863aab,1,0,0,0,0.0,0.0,0.0,0.0,87085845,87085845
0xf8256a38861d787d5bb90661b333419f5a42c27b,1,0,0,0,0.0,0.0,0.0,0.0,88968820,88968820
0xf84a59f13adcb9576876436c458519c15ca5dcab,2,0,0,0,0.0,0.0,0.0,0.0,86896798,88417592
0xf8a171376339833f8b3544cca226ac3c1954c567,2,0,0,0,0.0,0.0,0.0,0.0,88295520,88359768
0xf8b0363be10aea31316e73dca7f807d263698cba,1,0,0,0,0.0,0.0,0.0,0.0,87112742,87112742
0xf9c1afd9499961fab031d1776b166281533fe2d9,1,0,0,0,0.0,0.0,0.0,0.0,88194202,88194202
0xf9ffd975aaf170a734782e666e55b00c13b766a8,2,0,0,0,0.0,0.0,0.0,0.0,87442311,88771309
0xfa0d206d76796b9cc6201f4abc43da42e63e3115,4,0,0,0,0.0,0.0,0.0,4.0,87458396,88052948
0xfa679b2b31b992d054e251260a248a6e9be14a79,3,0,0,0,0.0,0.0,0.0,4.0,87221942,88414282
0xfa7916ffb1af26736ddc3b699a5864721fc3b6e9,3,0,0,0,0.0,0.0,0.0,6.6979,87224403,88185410
0xfba43fe12c9b04293008623fd7e5ca04f1088f87,1,0,0,0,0.0,0.0,0.0,0.0,87908099,87908099
0xfbe28401e7aa963a40bca19bf84d1c3359aede0e,2,0,0,0,0.0,0.0,0.0,0.0,87456971,88295160
0xfc392410de2b0ed633e4eb9f5457ca3b15652533,1,0,0,0,0.0,0.0,0.0,0.0,86944770,86944770
0xfc4f150ed8d99ce655108ed6ea47047f43e07411,2,0,0,0,0.0,0.0,0.0,0.0,87656025,87666133
0xfd4547b86af7cfb385b76d192567cb75b77f88c7,1,1,0,0,0.0,0.0,1.0,-78.0105,86856572,86856572
0xfd89322f0b1566328268e9bf8bb3737d5f5a3baa,15,0,0,2,0.0,0.133333,0.0,19.7947,88566668,89243630
0xfe2aaa63539959eb1f083b0b567da8f6b1c3a8c6,4,0,0,1,0.0,0.25,0.0,16.402,86898981,88612048
0xfe39e75424994dc0971ca97ebbdf5b2cda5885aa,1,0,0,1,0.0,1.0,0.0,41.8032,86888862,86888862
0xfe4cc71a5a82a68adb3e5b6b483f8c799ee2dc51,1,0,0,0,0.0,0.0,0.0,0.0,88612064,88612064
